index,iteration,prompt_index,synthetic_count,n_feedback,output_len,summarization_score,summarization_reason,hallucination_score,hallucination_reason
0,1,0,0,50,688,0.2,"The score is 0.20 because the summary introduces extra recommendations not present in the original text, such as setting up a dedicated communication channel and making testing available to all, while omitting specific feedback and details that the original text provides, resulting in a significant loss of fidelity.",0.58,"The score is 0.58 because while there are numerous factual alignments between the actual output and the context, there are also many contradictions where key context points are not addressed, indicating partial but not full alignment and some omissions, but no clear evidence of fabricated information."
1,1,1,0,50,1215,0.0,"The score is 0.00 because the summary introduces multiple pieces of extra information not present in the original text, such as ranking issues as 'most common' and generalizing specific feedback, while also omitting details that the original text can answer, like feedback about reminders before activities. This results in a summary that does not accurately reflect the original content.",0.0,"The score is 0.00 because all statements in the actual output align with the provided contexts and there are no contradictions, indicating no hallucinated or unsupported information."
2,2,0,0,50,1254,0.0,"The score is 0.00 because the summary fails to address key feedback points present in the original text, such as suggestions for reminders before activities, comments on long registration queues, observations about busy volunteers, and requests for clearer registration information. As a result, the summary does not capture essential details from the original text.",0.64,"The score is 0.64 because, although there are numerous factual alignments between the actual output and the contexts, there are also many contradictions where specific concerns and details from the contexts are not addressed or referenced in the actual output, indicating partial coverage and some omissions."
3,2,1,0,50,1026,0.0,"The score is 0.00 because the summary introduces multiple pieces of extra information not present in the original text, particularly by generalizing specific issues as the 'most common issues reported by the community,' which is not supported by the original. This misrepresentation significantly reduces the accuracy and reliability of the summary.",0.0,"The score is 0.00 because all factual statements in the actual output align with the provided contexts, and there are no contradictions, indicating no hallucination."
4,3,0,0,50,825,0.4,"The score is 0.40 because the summary omits several key details present in the original text, such as feedback about reminders before activities, the need for more masks, and comments on volunteers being busy. This reduces the summary's completeness and usefulness.",0.0,"The score is 0.00 because there are no contradictions between the actual output and the context, and all referenced information is either aligned with or not addressed by the actual output, indicating no hallucinated content."
5,3,1,0,50,681,0.2,"The score is 0.20 because the summary introduces a contradiction by incorrectly stating there were shortages of masks and handwashing stations, whereas the original text only mentions a need for more masks and that water ran out at handwashing stations. Additionally, the summary omits several pieces of feedback present in the original text, such as requests for reminders before activities, the need for clearer registration information, and comments about volunteers being busy, resulting in a significant loss of important details.",0.0,"The score is 0.00 because all statements in the actual output are fully supported by the context, with no contradictions or unsupported claims."
6,4,0,0,50,704,0.2,"The score is 0.20 because the summary omits several key details present in the original text, such as feedback about reminders before activities, long registration queues, the need for more masks, and volunteers being too busy to answer questions. This significantly reduces the summary's completeness and usefulness.",0.0,"The score is 0.00 because all factual alignments show that the actual output is fully supported by the context, with no contradictions or unsupported claims present."
7,4,1,0,50,598,0.4,"The score is 0.40 because the summary introduces extra information not present in the original text, such as claiming that limited access to COVID-19 support is one of the most common issues, which is not supported by the original. Additionally, the summary omits specific feedback found in the original text, such as requests for reminders before activities, more masks, and comments about volunteers being too busy, reducing its completeness and accuracy.",0.12,"The score is 0.12 because the actual output is highly aligned with the context, with only a few minor omissions (contradictions) and no evidence of fabricated or unsupported information."
8,5,0,0,50,583,0.2,"The score is 0.20 because the summary omits several key details present in the original text, such as feedback about reminders before activities, long registration queues, the need for more masks, and volunteers being too busy for questions. This significantly reduces the summary's completeness and usefulness.",0.6,"The score is 0.60 because while the actual output aligns with many factual details from the context, it omits or fails to address a significant number of specific issues and recommendations present in the context, indicating partial but not complete factual alignment."
9,5,1,0,50,308,0.2,"The score is 0.20 because the summary omits several key details present in the original text, such as specific feedback about long queues, the need for more masks, volunteers being busy, and the desire for clearer registration information. This significantly reduces the summary's completeness and usefulness.",0.0,"The score is 0.00 because all statements in the actual output are factually aligned with the provided contexts, and there are no contradictions, indicating no hallucination."
10,6,0,0,50,1625,0.4,"The score is 0.40 because the summary omits several key details present in the original text, such as specific feedback about long queues, the need for more masks, and the busyness of volunteers, which limits the summary's completeness and usefulness.",0.7,"The score is 0.70 because while the actual output aligns with several key context points, it omits many specific details and issues highlighted in the context, resulting in frequent factual gaps and partial coverage."
11,6,1,0,50,739,0.5,"The score is 0.50 because the summary overstates issues by claiming shortages and most common problems not directly supported by the original text, and introduces extra information about lack of access to support. Additionally, the summary omits specific feedback present in the original text, such as requests for more masks and comments about busy volunteers.",0.0,"The score is 0.00 because all statements in the actual output are fully aligned with the context, with no contradictions or unsupported claims."
12,7,0,0,50,955,0.25,"The score is 0.25 because the summary contains significant contradictions with the original text, introduces extra information not present in the source, and omits several details that the original text can answer, resulting in a low-quality summarization.",0.14,"The score is 0.14 because the actual output mostly aligns with the context, with only a few omissions (e.g., handwashing stations, testing information, poster visibility, instruction speed, documentation requirements, and vaccination schedules) and no evidence of fabricated or contradictory information."
13,7,1,0,50,509,0.5,"The score is 0.50 because the summary introduces extra information not present in the original text, such as specifying the 'most common issues' and a lack of clear information about vaccination schedules, while omitting details the original text can answer, like feedback about reminders and volunteer availability. This reduces the summary's accuracy and completeness.",0.5,"The score is 0.50 because while there are many factual alignments between the actual output and the context, there are also a significant number of contradictions where relevant context details are omitted or not referenced, indicating partial but not complete factual consistency."
14,8,0,0,50,1653,0.6,"The score is 0.60 because, while the summary does not introduce contradictions or extra information, it omits important feedback present in the original text, such as suggestions for reminders before activities and comments about volunteers being very busy, which reduces its completeness.",0.26,"The score is 0.26 because the actual output mostly aligns with the context, addressing nearly all key points and recommendations, but it omits or fails to address several specific concerns and claims present in the context, resulting in a moderate level of factual omission rather than outright hallucination."
15,8,1,0,50,374,0.4,"The score is 0.40 because the summary introduces extra information not present in the original text and omits several specific feedback points that the original text addresses, such as requests for reminders, more masks, and comments on volunteer availability. This reduces the summary's accuracy and completeness.",0.62,"The score is 0.62 because while the actual output aligns with many key factual details from the context, it omits numerous relevant points and suggestions present in the context, indicating partial coverage and some factual incompleteness rather than outright hallucination."
16,9,0,0,50,1381,0.4,"The score is 0.40 because the summary omits several key details present in the original text, such as specific feedback about long queues, the need for more masks, and the busyness of volunteers, which limits the summary's completeness and usefulness.",0.34,"The score is 0.34 because while the actual output aligns with many factual details from the context, it omits several key concerns such as perceptions of inequity, crowding, long queues, and specific eligibility requirements, leading to partial but not full factual alignment."
17,9,1,0,50,854,0.6,"The score is 0.60 because the summary omits key feedback present in the original text, such as the desire for reminders before activities and the suggestion that more masks would help families follow prevention measures. This reduces the summary's completeness and accuracy.",0.34,"The score is 0.34 because the actual output aligns with most factual details in the context, but omits several specific points such as timing of distributions, reminders, eligibility criteria, and information about vaccination schedules, leading to some factual gaps but few outright hallucinations."
18,10,0,0,50,1613,0.6,"The score is 0.60 because the summary introduces extra details not present in the original text, such as organizing separate times for neighborhoods and a multi-channel communication strategy, and omits specific feedback about long queues and busy volunteers. However, there are no direct contradictions, so the summary is partially accurate but lacks completeness and introduces some unsupported information.",0.42,"The score is 0.42 because while the actual output aligns with many key points in the context, it omits several important factual details such as document requirements, long queues, disparities in support, and specific eligibility restrictions, leading to partial coverage and some factual gaps but no major fabrications."
19,10,1,0,50,675,0.16666666666666666,"The score is 0.17 because the summary introduces several pieces of extra information not present in the original text, such as overstating the community's main concerns and generalizing issues like healthcare access and resource shortages. Additionally, the summary omits specific feedback found in the original text, such as requests for reminders before activities and comments about volunteers being too busy, which further reduces its accuracy.",0.44,"The score is 0.44 because while the actual output aligns with many key facts from the context, there are several omissions where it fails to mention specific details present in the context, leading to partial but not complete factual alignment."
20,11,0,0,50,1263,0.4,"The score is 0.40 because the summary includes extra information not present in the original text, such as explicitly stating that certain actions would reduce COVID-19 transmission, and omits several details that the original text can answer, like specific feedback about reminders, queue length, and volunteer availability.",0.0,"The score is 0.00 because there are no contradictions and all factual alignments show that the actual output either agrees with or does not contradict the context, indicating no hallucinations."
21,11,1,0,50,1077,0.8,"The score is 0.80 because the summary omits the detail about feedback regarding the need for more masks to help families follow prevention measures, which is present in the original text. Otherwise, the summary aligns well with the original content.",0.0,"The score is 0.00 because all statements in the actual output are fully aligned with the provided contexts, and there are no contradictions or unsupported claims."
22,12,0,0,50,1053,0.4,"The score is 0.40 because, while the summary does not introduce contradictions or extra information, it omits several key details present in the original text, such as specific feedback about the need for more masks, the busyness of volunteers, and the desire for clearer registration information. This limits the summary's completeness and usefulness.",0.22,"The score is 0.22 because the actual output aligns with the majority of factual contexts, addressing most key issues, but omits several specific details such as hygiene supplies, documentation requirements, and eligibility criteria, resulting in minor hallucinations."
23,12,1,0,50,170,0.4,"The score is 0.40 because the summary omits several key details present in the original text, such as feedback about reminders before activities, the need for more masks, and comments on volunteers being busy, which limits the summary's completeness and usefulness.",0.0,"The score is 0.00 because all statements in the actual output either align with the context or do not contradict it, and there are no contradictions or unsupported claims, indicating no hallucination."
24,13,0,0,50,332,0.2,"The score is 0.20 because the summary omits several key details present in the original text, such as feedback about reminders before activities, long registration queues, the need for more masks, and volunteers being too busy to answer questions. This significantly reduces the summary's completeness and usefulness.",0.78,"The score is 0.78 because while there are several factual alignments between the actual output and the context, there are significantly more contradictions where key contextual details are omitted or not addressed, indicating a high level of missing or unaligned information."
25,13,1,0,50,1042,0.8,"The score is 0.80 because the summary omits the detail about feedback regarding the need for more masks to help families follow prevention measures, which reduces its completeness. However, there are no contradictions or extraneous information, indicating the summary is otherwise accurate and focused.",0.0,"The score is 0.00 because all factual points in the actual output align with the provided contexts, and there are no contradictions, indicating no hallucinated information."
26,14,0,0,50,1611,0.8,"The score is 0.80 because the summary accurately reflects the original text without introducing contradictions or extra information, but it omits some specific feedback about volunteers being very busy and having little time for questions.",0.16,"The score is 0.16 because the actual output aligns with most factual details in the context, but a few specific points (such as poster visibility, water shortages at handwashing stations, and eligibility requirements) are omitted, indicating minor hallucination."
27,14,1,0,50,408,0.0,"The score is 0.00 because the summary fails to capture key feedback points present in the original text, omits important details, and does not answer several questions that the original text addresses.",0.0,"The score is 0.00 because there are no contradictions and all factual alignments indicate that the actual output is consistent with the provided contexts, with no evidence of hallucination."
28,15,0,0,50,816,0.4,"The score is 0.40 because the summary introduces extra details such as a 'filtered dataset', 'evidence-based recommendations', and a specific 'sector' that are not present in the original text. Additionally, the summary omits key feedback from the original text, such as suggestions for reminders before activities, comments about long registration queues, and observations about busy volunteers, reducing its overall accuracy and completeness.",0.0,"The score is 0.00 because all factual alignments show the actual output is fully supported by the context, with no contradictions or unsupported claims."
29,15,1,0,50,793,0.4,"The score is 0.40 because the summary omits several key details present in the original text, such as feedback about reminders before activities, the need for more masks, and comments on volunteers being busy, which limits the summary's completeness and usefulness.",0.0,"The score is 0.00 because all statements in the actual output align with the context and there are no contradictions, indicating no hallucinated information."
30,16,0,0,50,1493,0.6,"The score is 0.60 because the summary omits key feedback details present in the original text, such as the desire for reminders before activities and the suggestion that more masks would help families follow prevention measures. This reduces the summary's completeness and accuracy.",0.0,"The score is 0.00 because all statements in the actual output are factually aligned with the context and there are no contradictions, indicating no hallucination."
31,16,1,0,50,737,0.4,"The score is 0.40 because the summary introduces contradictions by exaggerating the community's sense of being overwhelmed and frustrated, which is not present in the original text. Additionally, the summary omits specific feedback found in the original, such as requests for reminders, more masks, and comments about volunteers being busy, reducing the summary's accuracy and completeness.",0.0,"The score is 0.00 because all statements in the actual output are fully aligned with the context, with no contradictions or unsupported claims present."
32,17,0,0,50,1525,0.0,"The score is 0.00 because the summary introduces substantial extra information not present in the original text and omits key feedback details that the original text provides, such as comments about long queues and busy volunteers. This results in a summary that does not accurately reflect the content or focus of the original text.",0.52,"The score is 0.52 because while the actual output aligns with many context points, there are numerous omissions where it fails to address specific issues and recommendations present in the context, indicating moderate factual incompleteness but no major fabrications."
33,17,1,0,50,1597,0.6363636363636364,"The score is 0.64 because the summary introduces several contradictions, such as claiming activities started late and that only those living near the main road or knowing someone at the health center are considered for support, which are not supported by the original text. Additionally, the summary omits specific feedback about the need for more masks, which the original text provides. These issues reduce the accuracy and completeness of the summary.",0.0,"The score is 0.00 because all statements in the actual output are fully aligned with the context, with no contradictions or unsupported claims present."
34,18,0,0,50,1311,0.0,"The score is 0.00 because the summary introduces multiple pieces of extra information not present in the original text, omits key feedback details, and contradicts the original text on several points, such as the effects of equal distribution and the benefits of clear explanations. The summary fails to accurately represent the original content.",0.44,"The score is 0.44 because while the actual output aligns with many key points from the context, there are several notable omissions and unaddressed issues, leading to moderate factual incompleteness but no major fabrications."
35,18,1,0,50,1084,0.0,"The score is 0.00 because the summary introduces multiple pieces of extra information not present in the original text, such as listing issues as the most common community concerns when the original only mentions them as individual observations. Additionally, the summary omits details that the original text can answer, such as feedback about reminders before activities. This results in a summary that is not faithful to the original content.",0.4,"The score is 0.40 because the actual output aligns with many factual details from the context, but it omits several key points and suggestions present in the context, leading to partial coverage and some missing information, but no clear fabrication."
36,19,0,0,50,1078,0.2,"The score is 0.20 because the summary introduces extra information not present in the original text, such as the number of recommendations and the mention of a filtered dataset, and it omits several specific feedback points that the original text addresses, resulting in a low-quality summarization.",0.12,"The score is 0.12 because the actual output closely aligns with the context in most areas, with only minor omissions such as not mentioning handwashing stations, poster visibility, vaccine distribution, or mask provision. These omissions are limited, resulting in a low hallucination score."
37,19,1,0,50,1424,0.0,"The score is 0.00 because the summary introduces numerous points as 'most common issues' that are not stated as such in the original text, and it omits specific feedback present in the original, such as requests for reminders and more masks. This results in a summary that is both inaccurate and incomplete.",0.0,"The score is 0.00 because all statements in the actual output are fully aligned with the context, with no contradictions or unsupported claims, indicating no hallucination."
38,20,0,0,50,1202,0.4,"The score is 0.40 because the summary introduces suggestions and details not present in the original text, such as claims about organization improvements and proximity to the main road affecting support. Additionally, the summary omits several specific feedback points from the original text, including requests for reminders, comments on long queues, and observations about busy volunteers, resulting in a significant loss of important information.",0.0,"The score is 0.00 because all statements in the actual output are fully aligned with the context, with no contradictions or unsupported claims present."
39,20,1,0,50,665,0.4,"The score is 0.40 because the summary introduces extra synthesis by labeling certain issues as the 'most common,' which is not directly stated in the original text. Additionally, the summary omits specific feedback present in the original, such as requests for reminders, more masks, and comments about volunteers being busy, reducing its completeness and accuracy.",0.0,"The score is 0.00 because all statements in the actual output are factually aligned with the context and there are no contradictions, indicating no hallucination."
40,1,0,1,50,652,0.2,"The score is 0.20 because the summary introduces extra information not present in the original text and omits several specific feedback points that the original text addresses, such as requests for reminders, concerns about long queues, the need for more masks, and the busyness of volunteers. This results in a summary that is less faithful and less comprehensive compared to the original.",0.7,"The score is 0.70 because, although there are several factual alignments between the actual output and the context, there are also numerous contradictions where key context points are omitted or not addressed, indicating a significant level of incompleteness and partial hallucination."
41,1,1,1,50,728,0.4,"The score is 0.40 because the summary omits several key details present in the original text, such as feedback about reminders before activities, the need for more masks, and comments on volunteers being busy, which limits the summary's completeness and usefulness.",0.44,"The score is 0.44 because while the actual output aligns with many key factual details from the context, it omits several important points such as directions to the registration point, reminders before activities, and methods for reducing crowding, resulting in partial but not complete factual alignment."
42,2,0,1,50,1675,0.2,"The score is 0.20 because the summary introduces extra information not present in the original text, such as claims about frustration, mistrust, and decreased trust, and omits specific feedback and details that the original text provides, resulting in a significant loss of accuracy and completeness.",0.34,"The score is 0.34 because while the actual output aligns with most factual details in the context, there are several omissions where relevant context points are not addressed, leading to partial coverage but no major fabricated or incorrect information."
43,2,1,1,50,751,0.4,"The score is 0.40 because the summary omits several key details present in the original text, such as feedback about reminders before activities, the need for more masks, and comments on volunteers being busy, which limits the summary's completeness and usefulness.",0.0,"The score is 0.00 because all factual statements in the actual output align with the context and there are no contradictions, indicating no hallucinations."
44,3,0,1,50,1078,0.0,"The score is 0.00 because the summary fails to address several key points from the original text, such as feedback about reminders before activities, long registration queues, the need for more masks, busy volunteers, and the desire for clearer registration information.",0.56,"The score is 0.56 because while the actual output aligns with many contextual facts, there are several omissions where key context points are not addressed, leading to partial coverage and moderate risk of hallucination."
45,3,1,1,50,731,0.4,"The score is 0.40 because the summary introduces extra information about unequal distribution based on location that is not present in the original text, and it omits several specific feedback points that the original text addresses, such as suggestions for reminders, long queues, and the need for more masks.",0.0,"The score is 0.00 because all statements in the actual output either align with or do not contradict the context, and there are no contradictions, indicating no hallucinations."
46,4,0,1,50,441,0.2,"The score is 0.20 because, although there are no contradictions or extra information, the summary fails to capture several key details present in the original text, such as specific feedback about the registration process, mask distribution, volunteer availability, and the need for clearer information. This omission significantly reduces the summary's usefulness and completeness.",0.02,"The score is 0.02 because the actual output closely aligns with the contexts, with only minor issues such as a typographical error in one context, and no significant factual contradictions or unsupported claims."
47,4,1,1,50,160,0.0,"The score is 0.00 because the summary introduces extra information not present in the original text and omits several key details and feedback points that the original text addresses, resulting in a highly inaccurate and incomplete representation.",0.02,"The score is 0.02 because there is only one minor contradiction where the actual output omits mentioning 'trust' as an outcome of equal distribution, while all other points are factually aligned with the context."
48,5,0,1,50,2048,0.0,"The score is 0.00 because the summary introduces extra recommendations not present in the original text and omits specific feedback and details that the original text provides, resulting in a summary that does not accurately reflect the original content.",0.0,"The score is 0.00 because all factual statements in the actual output align with the context and there are no contradictions, indicating no hallucinated information."
49,5,1,1,50,1039,0.8,"The score is 0.80 because the summary omits the detail about feedback regarding the need for more masks to help families follow prevention measures, which is present in the original text. Otherwise, the summary aligns well with the original content.",0.0,"The score is 0.00 because all statements in the actual output are fully aligned with the context, with no contradictions or unsupported claims present."
50,6,0,1,50,1131,0.0,"The score is 0.00 because the summary introduces extra details (specific regions and codes) not present in the original text and omits several key feedback points that the original text addresses, such as requests for reminders, concerns about long queues, mask availability, and volunteer engagement. This results in a summary that fails to accurately represent the original content.",0.82,"The score is 0.82 because, despite several factual alignments, there are numerous contradictions where the actual output omits key recommendations and details present in the context, indicating significant gaps and omissions rather than outright hallucinations."
51,6,1,1,50,1013,0.6,"The score is 0.60 because the summary overstates issues with vaccination access and incorrectly claims some households received no information, which is not supported by the original text. Additionally, the summary omits specific feedback about reminders and mask distribution that the original text provides.",0.12,"The score is 0.12 because the actual output closely aligns with the majority of factual details in the context, with only a few minor omissions (such as not mentioning signage, reminders, or hygiene posters), indicating very limited hallucination."
52,7,0,1,50,1045,0.2,"The score is 0.20 because the summary introduces unsupported claims, such as reducing confusion, and omits several key feedback points present in the original text, including details about queue length, mask distribution, volunteer availability, and registration information clarity.",0.0,"The score is 0.00 because all factual alignments indicate that the actual output either agrees with or does not contradict the context, and there are no contradictions present."
53,7,1,1,50,457,0.2,"The score is 0.20 because the summary omits several key details present in the original text, such as feedback about reminders before activities, long registration queues, the need for more masks, and volunteers being too busy to answer questions. This significantly reduces the summary's completeness and usefulness.",0.18,"The score is 0.18 because the actual output aligns with most factual details in the context, but misses several specific issues such as eligibility criteria, exclusivity, and registration limitations, resulting in minor hallucinations."
54,8,0,1,50,1758,0.4,"The score is 0.40 because the summary introduces several recommendations and strategies not explicitly present in the original text, and omits specific feedback and details that the original text provides, resulting in a loss of important information and some misrepresentation.",0.24,"The score is 0.24 because the actual output aligns with most factual details from the context, but it omits several specific eligibility criteria, requirements, and limitations, resulting in some minor hallucinations."
55,8,1,1,50,882,0.4,"The score is 0.40 because the summary omits several key details present in the original text, such as feedback about reminders before activities, the need for more masks, and comments on volunteers being busy. This limits the summary's completeness and usefulness.",0.0,"The score is 0.00 because all statements in the actual output are fully aligned with the provided contexts, with no contradictions or unsupported claims present."
56,9,0,1,50,553,0.2,"The score is 0.20 because the summary introduces several pieces of extra information not present in the original text and omits key feedback details that the original text can answer, resulting in a low-quality summarization.",0.7254901960784313,"The score is 0.73 because, although there are several factual alignments between the actual output and the context, there are numerous contradictions where key contextual details are omitted or not addressed, indicating a significant level of missing or misaligned information."
57,9,1,1,50,505,0.4,"The score is 0.40 because the summary introduces extra information by ranking issues as 'most common' without support from the original text, and it omits several specific feedback points that the original text addresses, reducing the summary's completeness and accuracy.",0.0,"The score is 0.00 because all factual statements in the actual output align with the provided contexts, and there are no contradictions, indicating no hallucination."
58,10,0,1,50,326,0.0,"The score is 0.00 because the summary introduces extra information not present in the original text and omits key details, such as specific feedback about long queues, busy volunteers, and the need for clearer registration information, which the original text addresses.",0.0,"The score is 0.00 because there are no contradictions between the actual output and the context, and all referenced details are either aligned or not addressed without fabrication, indicating no hallucination."
59,10,1,1,50,740,0.42857142857142855,"The score is 0.43 because the summary introduces contradictions by misattributing the main issues to registration organization and by claiming households found awareness sessions helpful for registration, which the original text does not state. It also adds extra information about concerns over unequal distribution and perceived unfairness that are not explicitly mentioned. Additionally, the summary omits feedback about volunteers being busy and limited opportunities for questions, which the original text covers. These issues significantly reduce the summary's accuracy and completeness.",0.0,"The score is 0.00 because all statements in the actual output are fully aligned with the context, with no contradictions or unsupported claims, indicating no hallucination."
60,11,0,1,50,944,0.3333333333333333,"The score is 0.33 because the summary introduces contradictions by misattributing the effects of certain actions (e.g., linking reduced confusion to multi-channel announcements instead of clear eligibility explanations, and tying equal distribution to clear explanations rather than as a separate action). Additionally, the summary omits specific feedback about long queues and busy volunteers, which the original text addresses.",0.58,"The score is 0.58 because while the actual output aligns with many context points, there are numerous specific details and concerns from the context that it fails to address, resulting in partial but not complete factual alignment."
61,11,1,1,50,1522,1.0,The score is 1.00 because the summary accurately reflects the original text without introducing contradictions or extra information. Excellent summarization quality.,0.5,"The score is 0.50 because while the actual output aligns with many factual details from the context, it omits several key solutions and issues explicitly mentioned in the context, resulting in partial coverage and moderate hallucination."
62,12,0,1,50,1312,0.0,"The score is 0.00 because the summary introduces extra information not present in the original text, such as attributing feedback to specific locations (YAOUNDE 1er, 2, 5) without support, and omits several details and feedback points that the original text contains, such as requests for reminders, comments on long queues, and suggestions for more masks. The summary fails to accurately represent the content and details of the original text.",0.54,"The score is 0.54 because while there are numerous factual alignments between the actual output and the context, there are also many significant omissions where the output fails to address key contextual details, leading to a moderate level of hallucination."
63,12,1,1,50,662,0.6,"The score is 0.60 because the summary introduces a claim about households near the main road being more likely to receive support, which contradicts the original text. Additionally, the summary omits feedback about reminders before activities and the need for more masks, which are present in the original text. Overall, the summary partially captures the main points but misses important details and introduces unsupported information.",0.0,"The score is 0.00 because there are numerous factual alignments and no contradictions between the actual output and the contexts, indicating that the output is fully grounded in the provided evidence with no hallucinations."
64,13,0,1,50,1355,0.0,"The score is 0.00 because the summary introduces extra information not present in the original text and omits key feedback details, such as comments about long queues, the need for more masks, and the busyness of volunteers. This results in a summary that does not accurately reflect the original content.",0.32,"The score is 0.32 because while the actual output aligns with most factual details in the context, there are several omissions where it fails to address specific requirements or claims (e.g., mask distribution, documentation, poster visibility, vaccine access, and equal support), leading to a moderate hallucination score."
65,13,1,1,50,1082,0.4,"The score is 0.40 because the summary contains generalizations and overstatements that contradict the original text, such as exaggerating issues with hygiene facilities and disability support. Additionally, the summary omits specific feedback present in the original text, reducing its accuracy and completeness.",0.0,"The score is 0.00 because all statements in the actual output are factually aligned with the context, and there are no contradictions or unsupported claims."
66,14,0,1,50,1932,0.4,"The score is 0.40 because the summary contains several inaccuracies: it personalizes statements that were general in the original text, introduces recommendations and details not present in the source, and omits specific feedback such as the desire for reminders, long queues, and limited volunteer availability. These issues significantly reduce the summary's fidelity to the original content.",0.0,"The score is 0.00 because there are no contradictions and all factual alignments either directly agree with the context or do not contradict it, indicating no hallucination in the actual output."
67,14,1,1,50,870,0.8,"The score is 0.80 because the summary omits the detail about feedback regarding the need for more masks to help families follow prevention measures, which is present in the original text. Otherwise, the summary aligns well with the original content.",0.0,"The score is 0.00 because all statements in the actual output are factually aligned with the context, and there are no contradictions or unsupported claims."
68,15,0,1,50,475,0.0,"The score is 0.00 because the summary introduces effects and outcomes (such as reducing confusion, improving understanding, reducing waiting times, and preventing COVID-19 spread) that are not directly stated in the original text. Additionally, the summary omits specific feedback present in the original text, such as requests for reminders, comments on long queues, the need for more masks, and observations about busy volunteers, resulting in a significant loss of fidelity.",0.0,"The score is 0.00 because there are no contradictions and all factual alignments show the actual output consistently agrees with or is neutral to the context, indicating no hallucination."
69,15,1,1,50,807,0.2,"The score is 0.20 because the summary adds extra information not present in the original text and omits several key details and feedback that the original text provides, resulting in a significant loss of accuracy and completeness.",0.0,"The score is 0.00 because all statements in the actual output are factually aligned with the context, and there are no contradictions, indicating no hallucination."
70,16,0,1,50,1025,0.25,"The score is 0.25 because the summary omits key feedback details present in the original text, such as comments about long registration queues, the need for more masks, and the busyness of volunteers, making the summary incomplete.",0.88,"The score is 0.88 because there are numerous contradictions where the actual output omits many key factual details present in the context, indicating a high level of missing or unaligned information and thus a high hallucination rate."
71,16,1,1,50,692,0.25,"The score is 0.25 because the summary introduces extra information not present in the original text, such as concerns about unequal distribution of support and requests for more information about COVID-19 testing, while omitting key feedback from the original text, like the need for more masks and comments about volunteers being too busy. This significantly reduces the summary's accuracy and completeness.",0.04,"The score is 0.04 because the actual output is highly aligned with the context, with only minor omissions regarding eligibility for hygiene kits and awareness meeting attendance, and no significant hallucinations present."
72,17,0,1,50,1340,0.3333333333333333,"The score is 0.33 because the summary introduces extra information not present in the original text, such as attributing feedback to specific regions and mentioning 'insufficient resources' as a risk, while omitting several details that the original text can answer, like feedback about reminders, long queues, and volunteer availability.",0.74,"The score is 0.74 because, despite numerous factual alignments, there are many contradictions where the actual output omits key context details and recommendations, indicating significant gaps and omissions rather than outright hallucinations."
73,17,1,1,50,1241,0.6,"The score is 0.60 because the summary introduces extra information not present in the original text and omits answers to some questions that the original text addresses, indicating partial coverage and some inaccuracies.",0.04,"The score is 0.04 because there is a very high degree of factual alignment between the actual output and the context, with only minor contradictions related to the omission of a specific point about registration. This indicates minimal hallucination."
74,18,0,1,50,1738,0.6,"The score is 0.60 because the summary conflates details from different locations, leading to a contradiction about where long queues and missed opportunities occurred. Additionally, the summary omits feedback about reminders and volunteer availability, reducing its completeness.",0.0,"The score is 0.00 because all statements in the actual output are factually aligned with the context, with no contradictions or unsupported claims present."
75,18,1,1,50,4212,0.42857142857142855,"The score is 0.43 because the summary introduces several pieces of extra information not present in the original text and omits answers to some questions that the original text addresses, reducing its accuracy and completeness.",0.28,"The score is 0.28 because the actual output closely aligns with most factual details from the context, but it omits several specific suggestions and requirements, leading to minor factual gaps rather than outright hallucinations."
76,19,0,1,50,1429,0.2,"The score is 0.20 because the summary omits several key details present in the original text, such as specific feedback about reminders, queue length, mask availability, and volunteer busyness. Additionally, the summary introduces a recommendation about testing for all community members that is not explicitly supported by the original text.",0.54,"The score is 0.54 because while the actual output aligns with many factual details from the context, it omits or contradicts several key points, such as water shortages at handwashing stations, registration limitations, inconsistent information, and other specific issues, indicating moderate hallucination."
77,19,1,1,50,1171,0.8,"The score is 0.80 because the summary introduces extra information about people relying on unofficial sources, which is not present in the original text, and omits some details such as feedback about volunteers being busy and limited opportunities to ask questions. However, there are no direct contradictions, so the summary is still fairly accurate.",0.0,"The score is 0.00 because all factual alignments indicate that the actual output is fully supported by the context, with no contradictions or unsupported claims present."
78,20,0,1,50,492,0.2,"The score is 0.20 because the summary conflates separate suggestions from the original text, presenting them as causally linked when they are not. Additionally, the summary omits several specific pieces of feedback present in the original text, such as requests for reminders, comments on long queues, the need for more masks, and observations about busy volunteers. This results in a summary that is both inaccurate and incomplete.",0.0,"The score is 0.00 because all factual alignments show the actual output either directly agrees with or does not contradict the context, and there are no contradictions, indicating no hallucination."
79,20,1,1,50,4673,0.4,"The score is 0.40 because the summary introduces unsupported claims about resource distribution and vaccination access, which contradict the original text. Additionally, the summary omits specific feedback present in the original, such as requests for reminders, more masks, and comments on volunteer availability. These issues significantly reduce the summary's accuracy and completeness.",0.7,"The score is 0.70 because while there are several factual alignments between the actual output and the context, there are also numerous contradictions where key contextual details are omitted or not referenced, indicating a significant amount of missing or unaddressed information."
80,1,0,2,50,495,0.25,"The score is 0.25 because the summary introduces extra information about the need for 'consistent' information and 'ensuring equity' that is not present in the original text, and it omits several specific feedback points such as the desire for reminders, issues with long queues, and requests for more masks, which the original text addresses.",0.0,"The score is 0.00 because all factual alignments show the actual output is fully supported by the context, with no contradictions or unsupported claims."
81,1,1,2,50,666,0.5,"The score is 0.50 because the summary omits key feedback details present in the original text, such as requests for reminders before activities and the need for more masks to help families follow prevention measures. This reduces the summary's completeness and informativeness.",0.0,"The score is 0.00 because all statements in the actual output are factually aligned with the context and there are no contradictions, indicating no hallucination."
82,2,0,2,50,1081,0.4,"The score is 0.40 because the summary introduces several evidence codes not present in the original text and omits key feedback details such as requests for reminders before activities, complaints about long registration queues, and comments about busy volunteers, reducing the summary's completeness and accuracy.",0.66,"The score is 0.66 because, although the actual output aligns with many context points, it omits numerous key details and requirements present in the context, resulting in frequent factual contradictions and incomplete coverage."
83,2,1,2,50,798,0.6,"The score is 0.60 because the summary overstates the lack of handwashing stations and masks, contradicting the original text, which only mentions suggestions for more stations and requests for more masks. Additionally, the summary omits specific feedback about volunteers being busy and the usefulness of more masks, reducing its completeness and accuracy.",0.0,"The score is 0.00 because all statements in the actual output align with the context and there are no contradictions, indicating no hallucinated information."
84,3,0,2,50,424,0.0,"The score is 0.00 because the summary introduces unsupported effects and engagement claims not found in the original text, and omits key feedback details such as requests for reminders, long queues, and volunteer availability, resulting in a summary that does not accurately reflect the original content.",0.0,"The score is 0.00 because there are no contradictions and all factual alignments show the actual output is fully supported by the context, indicating no hallucinations."
85,3,1,2,50,783,0.5,"The score is 0.50 because the summary omits key feedback present in the original text, such as the desire for reminders before activities and comments about volunteers being too busy to answer questions. This reduces the summary's completeness and usefulness.",0.56,"The score is 0.56 because while the actual output aligns with many key factual details from the context, it omits several specific issues and suggestions, leading to partial coverage and moderate risk of hallucination."
86,4,0,2,50,458,0.2,"The score is 0.20 because the summary omits several key details present in the original text, such as feedback about reminders before activities, long registration queues, the need for more masks, and volunteers being too busy for questions. This significantly reduces the summary's completeness and usefulness.",0.68,"The score is 0.68 because while there are many factual alignments between the actual output and context, there are also numerous contradictions where key contextual issues are not addressed, indicating partial but incomplete factual consistency."
87,4,1,2,50,532,0.6,"The score is 0.60 because the summary introduces a contradiction by claiming unequal distribution based on proximity to the main road, which is not stated in the original text. Additionally, the summary omits feedback about reminders before activities and the need for more masks, both of which are present in the original text. No extra information was added, but these issues reduce the summary's accuracy and completeness.",0.0,"The score is 0.00 because all factual alignments show the actual output is consistent with the context, and there are no contradictions or unsupported claims."
88,5,0,2,50,587,0.0,"The score is 0.00 because the summary introduces extra information not present in the original text, such as attributing specific feedback to Yaoundé 2 and Yaoundé 5, which the original text does not do. Additionally, the summary omits several key points that the original text addresses, such as feedback about long queues, the need for more masks, and the busyness of volunteers, making it unable to answer important questions covered by the original text.",0.82,"The score is 0.82 because there are many contradictions where the actual output omits key issues and recommendations present in the context, indicating a high level of factual misalignment and potential hallucination."
89,5,1,2,50,1195,0.8,"The score is 0.80 because the summary omits the detail about feedback regarding the need for more masks to help families follow prevention measures, which is present in the original text. Otherwise, the summary aligns well with the original content.",0.0,"The score is 0.00 because all statements in the actual output are fully aligned with the context, with no contradictions or unsupported claims, indicating no hallucination."
90,6,0,2,50,1225,0.6,"The score is 0.60 because the summary includes extra information not present in the original text, such as recommendations about focusing support on areas closer to the main road, and omits specific feedback details like long queues and busy volunteers, which reduces its completeness and accuracy.",0.5,"The score is 0.50 because while the actual output aligns with many factual details from the context, it omits several key points such as queue length, volunteer availability, eligibility requirements, and logistical issues, indicating partial but not full factual alignment."
91,6,1,2,50,507,0.2,"The score is 0.20 because the summary omits several key details present in the original text, such as feedback about reminders, long queues, mask distribution, and registration information. Additionally, it introduces extra information by generalizing access issues that were not explicitly stated as the most common problem.",0.22,"The score is 0.22 because the actual output mostly aligns with the context, with numerous factual agreements and only a few contradictions where specific details were omitted or not mentioned, indicating low but present hallucination."
92,7,0,2,50,662,0.0,"The score is 0.00 because the summary introduces significant extra information not present in the original text, such as AI recommendations and specific codes, and omits key feedback details that the original text provides. This results in a summary that does not accurately reflect the content or intent of the original text.",0.0,"The score is 0.00 because all statements in the actual output either align with or do not contradict the context, and there are no contradictions or unsupported claims."
93,7,1,2,50,766,0.6,"The score is 0.60 because the summary introduces extra information by attributing all issues (like long waiting times, crowded areas, and limited access to information) specifically to resource distribution, whereas the original text indicates that some issues pertain to other activities such as awareness sessions. Additionally, the summary omits feedback about the desire for reminders before activities and the need for more masks, which the original text addresses.",0.0,"The score is 0.00 because all statements in the actual output are either directly aligned with the context or do not contradict it, and there are no contradictions or unsupported claims present."
94,8,0,2,50,548,0.2,"The score is 0.20 because the summary omits several key details present in the original text, such as feedback about reminders before activities, long registration queues, the need for more masks, and volunteers being too busy to answer questions. This significantly reduces the summary's completeness and usefulness.",0.0,"The score is 0.00 because there are no contradictions and all factual alignments indicate that the actual output either agrees with or does not contradict the context, showing no evidence of hallucination."
95,8,1,2,50,968,0.4,"The score is 0.40 because the summary omits several key details present in the original text, such as feedback about reminders before activities, the need for more masks, and comments on volunteers being busy, which limits the summary's completeness and usefulness.",0.0,"The score is 0.00 because all statements in the actual output are fully aligned with the context, with no contradictions or unsupported claims."
96,9,0,2,50,2648,0.6,"The score is 0.60 because, while the summary does not introduce contradictions or extra information, it omits key feedback details present in the original text, such as comments about the long registration queue and the busyness of volunteers, reducing its completeness.",0.49019607843137253,"The score is 0.49 because while the actual output aligns with many factual details from the context, it also omits several key points such as issues with volunteer busyness, long queues, poster visibility, and specific eligibility requirements, leading to partial but not complete factual alignment."
97,9,1,2,50,263,0.0,"The score is 0.00 because the summary contains significant contradictions with the original text, such as misrepresenting the scope and nature of the reported issues. Additionally, the summary omits several specific feedback points present in the original text, resulting in a highly inaccurate and incomplete representation.",0.1,"The score is 0.10 because the actual output aligns with nearly all factual details from the context, with only a minor omission regarding the perceived inequality for families living closer to the main road. This small gap results in a low hallucination score."
98,10,0,2,50,1053,0.2,"The score is 0.20 because the summary introduces extra information not present in the original text and omits several specific feedback points that the original text addresses, resulting in a significant loss of detail and accuracy.",0.0,"The score is 0.00 because there are numerous factual alignments and no contradictions between the actual output and the contexts, indicating that the output is fully grounded in the provided evidence with no hallucinations."
99,10,1,2,50,1061,0.0,"The score is 0.00 because the summary introduces multiple pieces of extra information not present in the original text, such as quantifying or prioritizing issues as 'most common' and making generalizations about community concerns that are not supported by the original. This significantly reduces the accuracy and faithfulness of the summary.",0.16,"The score is 0.16 because the actual output aligns with most factual details from the context, with only a few omissions of specific beliefs and suggestions, indicating minor hallucination."
100,11,0,2,50,1238,0.0,"The score is 0.00 because the summary contains significant contradictions and introduces extra information not present in the original text. Additionally, it omits several key details and feedback that the original text provides, resulting in a summary that fails to accurately represent the source material.",0.62,"The score is 0.62 because while there are several factual alignments between the actual output and the context, there are also numerous contradictions where key contextual details are omitted or contradicted, indicating a moderate level of hallucination."
101,11,1,2,50,759,0.4,"The score is 0.40 because the summary introduces extra information by generalizing the prevalence of issues without support from the original text, and it omits specific feedback details that the original text provides, reducing its accuracy and completeness.",0.62,"The score is 0.62 because while the actual output aligns with many key points from the context, there are numerous omissions where it fails to mention specific factual details and suggestions present in the context, indicating partial coverage and some factual incompleteness rather than outright hallucination."
102,12,0,2,50,1495,0.25,"The score is 0.25 because the summary introduces recommendations and outcomes (such as reducing waiting times and ensuring registration lists are not full) that are not supported by the original text, and omits specific feedback present in the original, such as requests for reminders, comments on long queues, and observations about busy volunteers.",0.34,"The score is 0.34 because the actual output mostly aligns with the context, providing relevant and accurate recommendations, but it omits several key details and recommendations present in the context, leading to some factual gaps rather than outright hallucinations."
103,12,1,2,50,466,0.5,"The score is 0.50 because the summary introduces a contradiction by claiming unequal distribution of resources was a common issue, whereas the original text only mentions suggestions to ensure equal distribution, not that unequal distribution occurred. Additionally, the summary omits specific feedback present in the original text, such as comments about volunteers being very busy and limited opportunities to ask questions.",0.0,"The score is 0.00 because all statements in the actual output are factually aligned with the context, and there are no contradictions, indicating no hallucination."
104,13,0,2,50,1599,0.5,"The score is 0.50 because the summary overgeneralizes the uncertainty among community members and introduces unsupported claims about information availability and access to assistance, which are not present in the original text. Additionally, the summary omits specific feedback about reminders and volunteer availability that the original text addresses.",0.1,"The score is 0.10 because the actual output is highly aligned with the context, with numerous factual agreements and only a few omissions (contradictions) where specific eligibility or exclusivity details were not mentioned, resulting in a low hallucination score."
105,13,1,2,50,786,0.25,"The score is 0.25 because the summary omits several key details present in the original text, such as feedback about reminders before activities, volunteers being busy, and the need for clearer registration information. This significantly reduces the summary's completeness and usefulness.",0.34,"The score is 0.34 because while the actual output aligns with most factual details in the context, there are several notable omissions where it fails to reference specific concerns and suggestions present in the context, leading to partial but not complete factual alignment."
106,14,0,2,50,546,0.25,"The score is 0.25 because the summary introduces extra information about reducing disparities that is not present in the original text, and it omits several key details and feedback points that the original text provides, such as suggestions for reminders, issues with registration queues, and the need for more masks.",0.74,"The score is 0.74 because while there are several factual alignments, there are numerous contradictions where the actual output omits key context details and recommendations, indicating a significant level of missing or unaddressed information rather than outright fabrication."
107,14,1,2,50,829,0.25,"The score is 0.25 because the summary omits several key details present in the original text, such as feedback about reminders before activities, long queues at registration, and the need for more masks to help families follow prevention measures. This significantly reduces the summary's completeness and usefulness.",0.12,"The score is 0.12 because the actual output closely aligns with the context on nearly all key points, with only a few minor omissions (such as reminders before activities, full registration lists, late starts, poster visibility, handwashing stations running out of water, and specific eligibility for hygiene kits). There are no fabricated or unsupported details, resulting in a low hallucination score."
108,15,0,2,50,2693,0.25,"The score is 0.25 because the summary omits several key details present in the original text, such as feedback about reminders before activities, long queues at registration, and volunteers being too busy to answer questions. This significantly reduces the summary's completeness and usefulness.",0.68,"The score is 0.68 because while there are several factual alignments between the actual output and the context, there are also numerous contradictions where key contextual concerns are not addressed, indicating a moderate level of hallucination."
109,15,1,2,50,1519,0.7272727272727273,"The score is 0.73 because the summary introduces several inaccuracies, such as mentioning the Red Cross and vaccine eligibility based on personal connections, which are not present in the original text. It also adds extra information about registration requirements and omits details about feedback on reminders, reducing the summary's fidelity to the source.",0.3,"The score is 0.30 because the actual output closely aligns with most factual details in the context, with many strong matches and only a moderate number of omissions or missing references to specific context points, resulting in a low but not perfect hallucination score."
110,16,0,2,50,473,0.0,"The score is 0.00 because the summary introduces several unsupported claims and overstates the original text's suggestions, while also omitting key feedback details present in the original. This results in a summary that is neither accurate nor faithful to the source.",0.58,"The score is 0.58 because while there are numerous factual alignments between the actual output and the context, there are also many significant omissions and contradictions where key contextual issues are not addressed, indicating a moderate level of hallucination."
111,16,1,2,50,713,0.4,"The score is 0.40 because the summary omits several key details present in the original text, such as feedback about reminders before activities, long queues at registration, and the need for more masks to help families follow prevention measures. This reduces the summary's completeness and accuracy.",0.0,"The score is 0.00 because all factual alignments show that the actual output is fully consistent with the provided contexts, and there are no contradictions, indicating no hallucination."
112,17,0,2,50,398,0.0,"The score is 0.00 because the summary introduces extra information not present in the original text and omits key details that the original text can answer, resulting in a summary that does not accurately reflect the source material.",0.0,"The score is 0.00 because there are no contradictions between the actual output and the context, and all referenced details are either aligned or not addressed, indicating no hallucinated information."
113,17,1,2,50,423,0.2,"The score is 0.20 because the summary introduces extra information by labeling certain issues as the 'most common' without such specification in the original text, and omits several points that the original text addresses, such as feedback about reminders, mask distribution, and volunteer availability. This results in a summary that is both incomplete and somewhat misleading.",0.8,"The score is 0.80 because, although there are several factual alignments between the actual output and the context, there are a large number of contradictions where key contextual details are omitted or not referenced, indicating significant incompleteness and potential for hallucination."
114,18,0,2,50,1116,0.25,"The score is 0.25 because the summary introduces several unsupported claims and inferred outcomes not present in the original text, and it contradicts the original text regarding the visibility and recommendation of COVID-19 prevention posters. Additionally, the summary omits specific feedback found in the original text, such as requests for reminders, comments on long queues, and the need for more masks.",0.3,"The score is 0.30 because while the actual output aligns with most factual details from the context, it omits several specific eligibility criteria and operational issues mentioned in the contradictions, indicating some minor hallucinations or missing information."
115,18,1,2,50,4196,0.8214285714285714,"The score is 0.82 because the summary introduces extra information by stating that inadequate use of community leaders, multiple channels, and follow-up sessions were commonly reported issues, whereas the original text only suggests these as potential improvements rather than reported problems. However, there are no direct contradictions, so the summary remains fairly accurate overall.",0.0,"The score is 0.00 because all statements in the actual output are fully aligned with the context, with no contradictions or unsupported claims."
116,19,0,2,50,585,0.25,"The score is 0.25 because the summary incorrectly combines outcomes from the original text, specifically stating that equal distribution would reduce rumors, which is not supported by the original text. Additionally, the summary omits several pieces of feedback present in the original, such as suggestions for reminders, comments on long queues, and observations about busy volunteers, resulting in a low summarization quality.",0.82,"The score is 0.82 because, despite several factual alignments, there are numerous contradictions where the actual output omits many key details from the context, indicating a high degree of missing or unaddressed information."
117,19,1,2,50,774,0.4,"The score is 0.40 because the summary introduces unsupported claims about lack of official documents, proximity to the main road affecting support, and timing of activities, which contradict the original text. Additionally, the summary omits feedback about volunteers being busy and limited opportunities for questions, reducing its accuracy.",0.0,"The score is 0.00 because all statements in the actual output are fully aligned with the context, with no contradictions or unsupported claims present."
118,20,0,2,50,522,0.25,"The score is 0.25 because the summary introduces several contradictions, such as attributing recommendations and causal links not present in the original text, and incorrectly connecting clear instructions to reduced waiting times. Additionally, the summary omits answers to specific feedback-related questions that the original text addresses, further reducing its accuracy.",0.7,"The score is 0.70 because while the actual output aligns with the context on several key points (such as clear information, volunteer numbers, and queue management), it omits many important details present in the context (e.g., announcements, accessibility, documentation requirements, and equal distribution), indicating a significant level of incompleteness and partial hallucination."
119,20,1,2,50,540,0.5,"The score is 0.50 because the summary introduces a contradiction by claiming that households unaware of COVID-19 support could access testing and hygiene supplies, which is not supported by the original text. Additionally, the summary omits specific feedback present in the original, such as the desire for reminders before activities and comments about volunteers being busy, reducing the summary's completeness and accuracy.",0.0,"The score is 0.00 because all statements in the actual output are fully aligned with the context, with no contradictions or unsupported claims present."
120,1,0,5,50,1070,0.2,"The score is 0.20 because the summary omits several key details present in the original text, such as feedback about reminders before activities, long registration queues, the need for more masks, and volunteers being too busy to answer questions. This significantly reduces the summary's completeness and usefulness.",0.84,"The score is 0.84 because, despite several factual alignments, there are numerous contradictions where the actual output omits key details and recommendations present in the context, indicating a high degree of missing or unaddressed factual evidence."
121,1,1,5,50,589,0.6,"The score is 0.60 because, while the summary does not introduce contradictions or extra information, it omits key feedback details present in the original text, such as comments about the long registration queue and the busyness of volunteers, reducing its completeness.",0.0,"The score is 0.00 because all statements in the actual output are factually aligned with the context, and there are no contradictions or unsupported claims."
122,2,0,5,50,1931,0.5,"The score is 0.50 because the summary introduces extra information not present in the original text, such as misconceptions about COVID-19 support and testing availability, while omitting specific feedback details that the original text provides. This reduces the summary's accuracy and completeness.",0.1,"The score is 0.10 because while the majority of the actual output aligns with the context, there are a few explicit contradictions where the output provides information that is broader or more inclusive than what is supported by the context, indicating some minor hallucination."
123,2,1,5,50,740,0.4,"The score is 0.40 because the summary introduces extra details not present in the original text, such as claims about widespread frustration and testing access for those without severe symptoms, and it contradicts the original by misrepresenting community beliefs about testing eligibility. Additionally, the summary omits specific feedback found in the original, such as requests for reminders before activities and more masks for families.",0.0,"The score is 0.00 because there are numerous factual alignments and no contradictions between the actual output and the context, indicating that the output is fully supported by the provided evidence with no hallucinated information."
124,3,0,5,50,411,0.2,"The score is 0.20 because, while there are no contradictions or extra information, the summary fails to capture several key details from the original text, such as specific feedback about reminders, registration queues, mask availability, and volunteer interactions. This omission significantly reduces the summary's completeness and usefulness.",0.76,"The score is 0.76 because, despite several factual alignments, there are numerous contradictions where the actual output fails to address many specific issues raised in the context, indicating significant omissions and partial hallucination."
125,3,1,5,50,406,0.4,"The score is 0.40 because the summary omits several key details present in the original text, such as feedback about reminders before activities, the need for more masks, and comments on volunteers being busy. This limits the summary's completeness and usefulness.",0.52,"The score is 0.52 because while there are many factual alignments between the actual output and the context, there are also a significant number of contradictions where important contextual details are omitted or not referenced, indicating moderate hallucination."
126,4,0,5,50,1487,0.4,"The score is 0.40 because the summary introduces a specific recommendation about equal distribution of volunteers that is not present in the original text, and it omits several key feedback points such as long queues, the need for more masks, and volunteers being too busy to answer questions. This results in significant loss of important details and some misrepresentation of the original content.",0.14,"The score is 0.14 because the actual output overwhelmingly aligns with the factual context, addressing most concerns and recommendations, with only a few minor omissions or unaddressed perceptions, resulting in a low hallucination score."
127,4,1,5,50,447,0.4,"The score is 0.40 because the summary introduces a contradiction by claiming a lack of clear information about vaccination, which is not supported by the original text. Additionally, the summary omits several specific feedback points present in the original, such as requests for reminders, more masks, and comments on volunteer availability. These issues significantly reduce the summary's accuracy and completeness.",0.0,"The score is 0.00 because all statements in the actual output are fully supported by the context, with numerous factual alignments and no contradictions, indicating no hallucination."
128,5,0,5,50,842,0.0,"The score is 0.00 because the summary fails to address several key points from the original text, such as feedback about reminders before activities, long registration queues, the need for more masks, busy volunteers, and the desire for clearer registration information. This indicates the summary omits important information present in the original text.",0.0,"The score is 0.00 because there are no contradictions between the actual output and the context, and all alignments are either agreements or non-contradictions, indicating no hallucinated information."
129,5,1,5,50,182,0.4,"The score is 0.40 because the summary omits several key details present in the original text, such as feedback about reminders before activities, long registration queues, and the need for more masks to help families follow prevention measures. This limits the summary's completeness and accuracy.",0.0,"The score is 0.00 because there are no contradictions and all referenced details in the actual output are either aligned with or silent on the context, indicating no hallucinated information."
130,6,0,5,50,1515,0.25,"The score is 0.25 because the summary omits several key details present in the original text, such as feedback about reminders before activities, long queues at registration, and volunteers being too busy to answer questions. This significantly reduces the summary's completeness and usefulness.",0.0,"The score is 0.00 because all factual alignments show the actual output directly agrees with the context, and there are no contradictions, indicating no hallucination."
131,6,1,5,50,1233,0.75,"The score is 0.75 because the summary omits some details present in the original text, such as feedback about volunteers being very busy and limited opportunities to ask questions. Otherwise, the summary aligns well with the original content.",0.0,"The score is 0.00 because all factual alignments show the actual output consistently matches the provided contexts, with no contradictions or unsupported claims, indicating no hallucination."
132,7,0,5,50,2383,0.5,"The score is 0.50 because the summary introduces extra information about 'evidence codes' not present in the original text and omits key feedback details such as the long registration queue and the need for more masks, which reduces its completeness and accuracy.",0.5,"The score is 0.50 because while the actual output aligns with many factual details from the context, it omits several key points and perceptions, leading to partial coverage and moderate risk of hallucination."
133,7,1,5,50,1301,0.75,"The score is 0.75 because the summary introduces a contradiction by claiming there are inadequate follow-up sessions, whereas the original text only suggests that follow-up sessions are believed to increase awareness. Additionally, the summary omits specific feedback about the need for more masks, which is present in the original text. Overall, the summary captures much of the main content but misses some important details and introduces a key inaccuracy.",0.0,"The score is 0.00 because all factual statements in the actual output are fully aligned with the provided contexts, and there are no contradictions, indicating no hallucination."
134,8,0,5,50,1371,0.4,"The score is 0.40 because the summary introduces contradictions by incorrectly specifying the use of social media and local newspapers, and by claiming the AI output provides evidence references, neither of which are supported by the original text. Additionally, the summary omits key feedback present in the original, such as requests for reminders, more masks, and comments on volunteer availability, reducing its overall accuracy and completeness.",0.38,"The score is 0.38 because while the actual output aligns with the majority of factual points from the context, there are several notable omissions where it fails to address specific concerns and recommendations present in the context, resulting in some degree of factual incompleteness but no major fabrications."
135,8,1,5,50,474,0.4,"The score is 0.40 because the summary introduces extra information not present in the original text, such as ranking issues by frequency and interpreting the need for clear information dissemination, and omits specific feedback and suggestions that the original text provides. This reduces the summary's fidelity and completeness.",0.0,"The score is 0.00 because there are numerous factual alignments and no contradictions between the actual output and the context, indicating no hallucination."
136,9,0,5,50,511,0.0,"The score is 0.00 because the summary introduces extra information not present in the original text, such as the effectiveness and outcomes of suggested actions, and omits specific feedback and suggestions that the original text provides. Additionally, the summary fails to answer several questions that the original text addresses, indicating a significant loss of key details.",0.74,"The score is 0.74 because, despite several factual alignments, there are numerous contradictions where the actual output fails to address many specific context points, indicating a high level of omission and partial hallucination."
137,9,1,5,50,3995,0.75,"The score is 0.75 because the summary introduces several issues as commonly reported problems that are not actually described as such in the original text, and it adds extra information by framing suggestions and requests as widespread issues. However, the summary still captures much of the original content, so the score reflects partial but not complete accuracy.",0.0,"The score is 0.00 because all statements in the actual output are fully aligned with the context, with no contradictions or unsupported claims present."
138,10,0,5,50,786,0.0,"The score is 0.00 because the summary introduces multiple pieces of extra information not present in the original text, such as specific locations and attributions, while omitting key feedback details that the original text provides. This results in a summary that is neither accurate nor complete.",0.0,"The score is 0.00 because there are no contradictions and all factual alignments indicate that the actual output either aligns with or does not contradict the provided contexts, showing no evidence of hallucination."
139,10,1,5,50,919,0.6,"The score is 0.60 because while the summary does not introduce contradictions or extra information, it omits important feedback present in the original text, such as suggestions for reminders before activities and comments about volunteers being too busy to answer questions. This reduces the summary's completeness and accuracy.",0.0,"The score is 0.00 because all statements in the actual output are fully aligned with the context, with no contradictions or unsupported claims."
140,11,0,5,50,838,0.2,"The score is 0.20 because the summary omits several key details present in the original text, such as feedback about reminders before activities, long registration queues, the need for more masks, and volunteers being too busy for questions. This significantly reduces the summary's completeness and usefulness.",0.0,"The score is 0.00 because all factual alignments show that the actual output is fully supported by the context, with no contradictions or unsupported claims present."
141,11,1,5,50,256,0.0,"The score is 0.00 because the summary introduces significant contradictions by overstating the prevalence of insufficient distribution of masks and soap, which is not supported by the original text. Additionally, the summary omits several specific feedback points present in the original text, resulting in a highly inaccurate representation.",0.86,"The score is 0.86 because, despite several factual alignments, there are a large number of contradictions where the actual output omits many key details present in the context, indicating significant missing or unaddressed information and thus a high likelihood of hallucination."
142,12,0,5,50,1707,0.4,"The score is 0.40 because the summary omits several key details present in the original text, such as feedback about reminders before activities, the need for more masks, and comments on volunteers being busy, which limits the summary's completeness and usefulness.",0.54,"The score is 0.54 because while the actual output aligns with many key factual details from the context, there are several omissions where important recommendations and details present in the context are not addressed in the output. These omissions increase the hallucination score, though there are no outright fabrications."
143,12,1,5,50,383,0.2,"The score is 0.20 because the summary omits several key details present in the original text, such as feedback about reminders before activities, long registration queues, the need for more masks, and volunteers being too busy for questions. This significantly reduces the summary's completeness and usefulness.",0.0,"The score is 0.00 because all statements in the actual output are fully aligned with the provided contexts, with no contradictions or unsupported claims, indicating no hallucination."
144,13,0,5,50,812,0.25,"The score is 0.25 because the summary omits several key details present in the original text, such as feedback about reminders before activities, the need for more masks, and comments on volunteers being busy. This significantly reduces the summary's completeness and usefulness.",0.28,"The score is 0.28 because the actual output mostly aligns with the contexts, providing clear and timely information, improved communication, and accessibility, but it omits several specific concerns such as document requirements, distribution equity, hygiene measures, and eligibility issues, resulting in some factual gaps and minor hallucinations."
145,13,1,5,50,1060,0.5,"The score is 0.50 because the summary introduces a claim about bias in distribution and proximity to the main road that is not present in the original text, and omits feedback about reminders and mask distribution that the original text contains. This results in significant loss of accuracy and completeness.",0.16,"The score is 0.16 because the actual output aligns with the majority of factual details in the context, with only a few minor omissions and no unsupported or fabricated information, resulting in a low hallucination score."
146,14,0,5,50,501,0.3333333333333333,"The score is 0.33 because the summary introduces extra information not present in the original text and omits several details that the original text can answer, such as specific feedback about reminders, queue length, and volunteer availability. This reduces the summary's accuracy and completeness.",0.74,"The score is 0.74 because, despite several factual alignments, there are numerous contradictions where the actual output omits key recommendations present in the context, indicating significant gaps and partial hallucination."
147,14,1,5,50,368,0.6,"The score is 0.60 because the summary omits important feedback present in the original text, such as suggestions for reminders before activities and requests for more masks to help families follow prevention measures. This reduces the summary's completeness and accuracy.",0.8,"The score is 0.80 because, despite several factual alignments, there are numerous contradictions where the actual output omits many key details present in the context, indicating significant missing or unaddressed information and thus a high likelihood of hallucination."
148,15,0,5,50,779,0.2,"The score is 0.20 because the summary omits several key details present in the original text, such as feedback about reminders before activities, long registration queues, the need for more masks, and volunteers being too busy for questions. This significantly reduces the summary's completeness and usefulness.",0.06,"The score is 0.06 because the actual output overwhelmingly aligns with the context, addressing nearly all factual points, with only minor omissions regarding mask distribution and equal vaccine access, resulting in a very low hallucination score."
149,15,1,5,50,519,0.4,"The score is 0.40 because the summary focuses only on registration issues, contradicting the original text which covers a broader range of problems such as waiting times, confusion, crowding, lack of masks, and communication issues. Additionally, the summary omits several specific feedback points present in the original text, resulting in a significant loss of important information.",0.0,"The score is 0.00 because all statements in the actual output are factually aligned with the context and there are no contradictions, indicating no hallucination."
150,16,0,5,50,1026,0.25,"The score is 0.25 because the summary overstates the effectiveness of awareness sessions, adds details about transportation not present in the original text, and omits specific feedback about reminders, queue length, and volunteer availability, resulting in a significant loss of accuracy and coverage.",0.52,"The score is 0.52 because while the actual output aligns with many context points, there are numerous omissions where key context details are not addressed, indicating partial coverage and some factual incompleteness but no clear fabrication."
151,16,1,5,50,1155,0.7272727272727273,"The score is 0.73 because the summary introduces several inaccuracies, such as claiming that limited handwashing stations, poor hygiene, and inadequate awareness are the most common issues, which the original text does not state. It also omits specific feedback about reminders before activities. However, the summary still captures some relevant points from the original text, justifying a moderate score.",0.0,"The score is 0.00 because all statements in the actual output are fully aligned with the context, with no contradictions or unsupported claims present."
152,17,0,5,50,768,0.2,"The score is 0.20 because the summary omits several key details present in the original text, such as specific feedback about reminders, queue length, mask availability, and volunteer engagement. Additionally, the summary introduces examples like social media and local newspapers that are not mentioned in the original text, and it infers improvements in trust that are not explicitly stated. These issues significantly reduce the summary's accuracy and completeness.",0.74,"The score is 0.74 because, although there are several factual alignments between the actual output and the context, there are significantly more contradictions where key concerns and recommendations from the context are omitted or unaddressed in the actual output, indicating a high level of missing or hallucinated information."
153,17,1,5,50,919,0.4,"The score is 0.40 because the summary omits several key details present in the original text, such as specific feedback about long queues, the need for more masks, and the busyness of volunteers, which limits the summary's completeness and usefulness.",0.0,"The score is 0.00 because there are numerous factual alignments and no contradictions between the actual output and the contexts, indicating that the output is fully supported by the provided information with no hallucinations."
154,18,0,5,50,1152,0.2,"The score is 0.20 because the summary contains several contradictions with the original text, introduces extra information not present in the source, and omits answers to specific feedback-related questions that the original text addresses. These issues significantly reduce the summary's accuracy and completeness.",0.0,"The score is 0.00 because all statements in the actual output are factually aligned with the context, and there are no contradictions or unsupported claims."
155,18,1,5,50,829,0.4,"The score is 0.40 because the summary introduces a reason for missed distribution days (lack of information) that is not supported by the original text, and omits several pieces of feedback present in the original, such as requests for reminders, more masks, and comments on volunteer availability. This reduces the summary's accuracy and completeness.",0.0,"The score is 0.00 because all statements in the actual output are factually aligned with the context and there are no contradictions, indicating no hallucinations."
156,19,0,5,50,385,0.0,"The score is 0.00 because the summary introduces extra information about reducing waiting times and improving the overall experience, which is not present in the original text, and fails to address several specific feedback points and suggestions that the original text contains.",0.0,"The score is 0.00 because there are no contradictions between the actual output and the contexts, and all referenced details are either aligned or not addressed, indicating no hallucinated content."
157,19,1,5,50,545,0.2,"The score is 0.20 because, while there are no contradictions or extra information, the summary fails to capture several key details present in the original text, such as specific feedback about reminders, mask distribution, volunteer availability, and registration information. This omission significantly reduces the summary's usefulness and completeness.",0.0,"The score is 0.00 because there are numerous factual alignments and no contradictions between the actual output and the context, indicating no hallucination."
158,20,0,5,50,544,0.25,"The score is 0.25 because the summary omits several key details present in the original text, such as feedback about reminders before activities, the long queue at registration, and the busyness of volunteers, making the summary incomplete.",0.5,"The score is 0.50 because while the actual output aligns with many factual details from the context, it omits several key issues and recommendations, resulting in partial coverage and moderate hallucination."
159,20,1,5,50,503,0.5,"The score is 0.50 because, while the summary does not introduce contradictions or extra information, it omits key details present in the original text, such as feedback about reminders before activities and comments on volunteers being busy, which reduces its completeness and usefulness.",0.0,"The score is 0.00 because all statements in the actual output are factually aligned with the context, and there are no contradictions or unsupported claims."
160,1,0,10,50,621,0.2,"The score is 0.20 because the summary introduces extra information not present in the original text, such as claims about universal testing access and rumor prevention, and omits several specific feedback points that the original text addresses, resulting in a low-quality summarization.",0.0,"The score is 0.00 because all factual alignments show the actual output is consistent with the context, and there are no contradictions, indicating no hallucination."
161,1,1,10,50,1268,0.6,"The score is 0.60 because the summary introduces a geographic inequity (households closer to the main road receiving more support) that is not present in the original text, and it omits specific feedback about reminders and mask distribution that the original text contains. This reduces the summary's accuracy and completeness.",0.0,"The score is 0.00 because all factual statements in the actual output align with the context and there are no contradictions, indicating no hallucinations."
162,2,0,10,50,1229,0.4,"The score is 0.40 because the summary omits several key details present in the original text, such as specific feedback about long queues, the need for more masks, and the busyness of volunteers, which limits the summary's completeness and usefulness.",0.38,"The score is 0.38 because the actual output aligns with most context points, but misses several factual details and recommendations present in the context, resulting in partial coverage and some omissions rather than outright hallucinations."
163,2,1,10,50,676,0.6,"The score is 0.60 because the summary introduces a contradiction by claiming people felt unequally treated, which is not stated in the original text. Additionally, the summary omits specific feedback present in the original, such as requests for reminders before activities and more masks for families. These issues reduce the summary's accuracy and completeness.",0.0,The score is 0.00 because there are no contradictions and all factual alignments show that the actual output accurately reflects the provided contexts without introducing any unsupported information.
164,3,0,10,50,909,0.6,"The score is 0.60 because, while the summary does not introduce contradictions or extra information, it omits important details present in the original text, such as specific feedback about the long registration queue and the busyness of volunteers, which reduces its completeness.",0.0,"The score is 0.00 because all actual output statements either align with the context or are neutral (not addressed but not contradictory), and there are no contradictions or unsupported claims."
165,3,1,10,50,1224,0.6,"The score is 0.60 because, while the summary does not introduce contradictions or extra information, it omits key details present in the original text, such as specific feedback about the registration queue and the need for more masks, reducing its completeness.",0.0,"The score is 0.00 because all factual alignments show the actual output is fully supported by the context, with no contradictions or unsupported claims present."
166,4,0,10,50,397,0.0,"The score is 0.00 because the summary introduces unsupported claims about fairness, understanding, and participant experience, and omits several key points from the original text, such as feedback on reminders, registration queues, mask availability, and volunteer interactions.",0.8,"The score is 0.80 because, despite several factual alignments, there are significantly more contradictions where the actual output fails to address many specific concerns and details present in the context, indicating a high level of omission and thus a higher hallucination score."
167,4,1,10,50,4263,0.7948717948717948,"The score is 0.79 because, while there are no contradictions, the summary introduces several pieces of extra information not present in the original text, such as commonly reported issues and lack of clear information, which affects the overall accuracy of the summarization.",0.0,"The score is 0.00 because there are numerous factual alignments and no contradictions between the actual output and the context, indicating that the output is fully grounded in the provided evidence."
168,5,0,10,50,991,0.4,"The score is 0.40 because the summary omits several key details present in the original text, such as feedback about reminders before activities, long registration queues, and the busyness of volunteers, which limits the summary's completeness and usefulness.",0.6,"The score is 0.60 because while the actual output aligns with many key points from the context, it omits a significant number of specific details and issues present in the context, resulting in partial coverage and several unaddressed contradictions."
169,5,1,10,50,774,0.6,"The score is 0.60 because the summary introduces extra information not present in the original text, such as explicitly stating that some households received more support, and omits details that the original text covers, like feedback about reminders and requests for more masks. This reduces the summary's completeness and accuracy.",0.0,"The score is 0.00 because all statements in the actual output are fully aligned with the context, with no contradictions or unsupported claims, indicating no hallucination."
170,6,0,10,50,1317,0.2,"The score is 0.20 because the summary introduces extra information not present in the original text, such as directly linking insufficient resources to decreased participation and increased frustration. Additionally, the summary omits several specific feedback points that the original text addresses, such as requests for reminders, comments on long queues, the need for more masks, and observations about busy volunteers. This results in a summary that is both incomplete and contains unsupported inferences.",0.42,"The score is 0.42 because while the actual output aligns with many context points (e.g., increasing volunteers, improving information, reducing waiting times), it omits several specific details required by the context (such as eligibility limitations, the need for district approval for disability support, and the visibility of posters), resulting in partial but not full factual alignment."
171,6,1,10,50,720,0.4,"The score is 0.40 because the summary introduces extra information not present in the original text, such as quantifying issues as 'most common' and confirming actions that were only suggested. Additionally, the summary omits specific feedback found in the original text, such as requests for reminders, more masks, and comments about volunteers being too busy, reducing its accuracy and completeness.",0.0,"The score is 0.00 because all statements in the actual output align with the provided contexts, and there are no contradictions or unsupported claims, indicating no hallucination."
172,7,0,10,50,636,0.0,"The score is 0.00 because the summary introduces unsupported recommendations about providing chairs, which contradicts the original text, and omits several key pieces of feedback present in the original, such as requests for reminders, comments on long queues, mask distribution, volunteer availability, and clarity of registration requirements.",0.0,"The score is 0.00 because there are no contradictions between the actual output and the context, and all referenced details are either aligned or not addressed, indicating no hallucinated information."
173,7,1,10,50,1040,0.6,"The score is 0.60 because the summary adds extra information about widespread rumors and misinformation that is not present in the original text, and it omits answers to specific feedback-related questions that the original text addresses. However, there are no direct contradictions, which helps maintain some accuracy.",0.0,"The score is 0.00 because all statements in the actual output align with the context and there are no contradictions, indicating no hallucinated information."
174,8,0,10,50,569,0.0,"The score is 0.00 because the summary contains multiple contradictions, such as incorrectly combining causal relationships and attributing effects to actions that are not supported by the original text. Additionally, the summary omits specific feedback present in the original text, resulting in a poor representation of the source material.",0.5,"The score is 0.50 because while the actual output aligns with many context points and provides relevant recommendations, it also omits several key issues present in the context, leading to partial coverage but no clear fabrication or invention of facts."
175,8,1,10,50,250,0.3333333333333333,"The score is 0.33 because the summary introduces extra information not present in the original text, such as households reporting concerns about unequal treatment, and omits details that the original text can answer, like feedback about busy volunteers and the need for clearer registration information.",0.0,"The score is 0.00 because all statements in the actual output are either directly supported by or consistent with the context, and there are no contradictions or unsupported claims."
176,9,0,10,50,2561,0.0,"The score is 0.00 because the summary omits key feedback details present in the original text, introduces recommendations not explicitly stated, and fails to answer several specific questions addressed by the original text.",0.0,"The score is 0.00 because there are no contradictions and all factual alignments show that the actual output either aligns with or does not contradict the context, indicating no hallucination."
177,9,1,10,50,833,0.75,"The score is 0.75 because the summary introduces extra information by stating that only those who attend awareness meetings are considered for distributions, which is not confirmed in the original text. Additionally, the summary omits feedback about volunteers being very busy and there being little time to ask questions, which the original text addresses.",0.0,"The score is 0.00 because all statements in the actual output are factually aligned with the provided contexts, and there are no contradictions or unsupported claims."
178,10,0,10,50,1496,0.4,"The score is 0.40 because the summary introduces several risks and concerns not present in the original text, and omits specific feedback and details that the original text provides, resulting in a significant loss of fidelity and accuracy.",0.78,"The score is 0.78 because, despite several factual alignments, there are numerous contradictions where the actual output omits key context details, leading to a high hallucination score due to incomplete coverage and lack of agreement with many important facts."
179,10,1,10,50,535,0.4,"The score is 0.40 because the summary omits several key details present in the original text, such as feedback about reminders before activities, the need for more masks, and comments on volunteers being busy, which limits the summary's completeness and usefulness.",0.0,"The score is 0.00 because there are numerous factual alignments and no contradictions between the actual output and the contexts, indicating that the output is fully supported by the provided evidence and contains no hallucinations."
180,11,0,10,50,2340,0.25,"The score is 0.25 because the summary omits several key details present in the original text, such as feedback about reminders before activities, the need for more masks, and the desire for clearer information about registration requirements. This significantly reduces the summary's completeness and usefulness.",0.22,"The score is 0.22 because the actual output closely aligns with the context in most cases, with numerous factual alignments and no direct contradictions. The minor score reflects a few omissions where the output does not address certain context points, but these are not hallucinations since they do not contradict the context."
181,11,1,10,50,951,0.5,"The score is 0.50 because the summary introduces contradictions by adding unsupported claims about eligibility criteria and distribution (such as knowing someone at the health center or proximity to the main road), and it omits specific feedback present in the original text, such as requests for reminders and more masks.",0.0,"The score is 0.00 because all statements in the actual output are factually aligned with the context, with no contradictions or unsupported claims present."
182,12,0,10,50,396,0.2,"The score is 0.20 because the summary omits several key details present in the original text, such as feedback about reminders before activities, long registration queues, the need for more masks, and volunteers being too busy for questions. This significantly reduces the summary's completeness and usefulness.",0.0,"The score is 0.00 because all statements in the actual output either align with or do not contradict the context, and there are no contradictions or unsupported claims."
183,12,1,10,50,607,0.8,"The score is 0.80 because the summary omits the detail about feedback regarding the need for more masks to help families follow prevention measures, which is present in the original text. Otherwise, the summary aligns well with the original content.",0.16,"The score is 0.16 because the actual output closely aligns with the majority of factual details in the context, with only a few minor omissions and no significant contradictions or fabricated information."
184,13,0,10,50,2098,0.25,"The score is 0.25 because the summary omits several key details present in the original text, such as feedback about reminders before activities, long queues at registration, and volunteers being too busy to answer questions. This significantly reduces the summary's completeness and usefulness.",0.66,"The score is 0.66 because while the actual output aligns with many factual points from the context, it omits numerous key details and recommendations, leading to partial coverage and significant gaps, which increases the hallucination score."
185,13,1,10,50,369,0.5,"The score is 0.50 because, while the summary does not introduce contradictions or extra information, it omits key details present in the original text, such as feedback about reminders before activities and comments on volunteers being busy, which reduces its completeness and usefulness.",0.0,"The score is 0.00 because all statements in the actual output are factually aligned with the context, with no contradictions or unsupported claims present."
186,14,0,10,50,1495,0.0,"The score is 0.00 because the summary introduces multiple pieces of extra information not present in the original text, omits key feedback details, and contradicts the original text regarding the reasons for certain recommendations. Additionally, the summary fails to answer several questions that the original text addresses, indicating a poor summarization quality.",0.6,"The score is 0.60 because while the actual output aligns with many factual details from the context, it omits several key points and corrections, leading to partial coverage and moderate hallucination risk."
187,14,1,10,50,446,0.25,"The score is 0.25 because the summary omits several key details present in the original text, such as feedback about reminders before activities, the long queue at registration, and the suggestion for more masks to help families follow prevention measures. This significantly reduces the summary's completeness and usefulness.",0.2,"The score is 0.20 because the majority of the actual output aligns with the provided contexts, with only a small number of omissions or contradictions where specific details (such as masks, hygiene supplies, or volunteers) were not mentioned. This indicates mostly accurate factual grounding with minor instances of missing information, resulting in a low hallucination score."
188,15,0,10,50,1072,0.4,"The score is 0.40 because the summary introduces extra information not present in the original text, such as presenting opinions as facts and implying a lack of information or unequal distribution that the original text does not confirm. Additionally, the summary omits specific feedback found in the original text, such as requests for reminders, comments on long queues, and suggestions for more masks, reducing its completeness and accuracy.",0.62,"The score is 0.62 because while there are several factual alignments between the actual output and the context, there are also numerous contradictions where key details from the context are omitted or not referenced, indicating a moderate level of hallucination."
189,15,1,10,50,1072,0.6,"The score is 0.60 because the summary introduces extra details not present in the original text, such as the requirement for official documents and the ranking of issues as 'most common.' It also omits specific feedback found in the original, like requests for reminders and more masks, and misrepresents some eligibility concerns, leading to a moderate but not high-quality summarization.",0.0,"The score is 0.00 because all statements in the actual output are factually aligned with the context, and there are no contradictions or unsupported claims."
190,16,0,10,50,1341,0.25,"The score is 0.25 because the summary omits several key details present in the original text, such as feedback about reminders before activities, the long queue at registration, and the busyness of volunteers, making the summary incomplete and less informative.",0.78,"The score is 0.78 because, despite several factual alignments, there are numerous contradictions where the actual output omits many key details and concerns present in the context, indicating a high level of incompleteness and potential hallucination."
191,16,1,10,50,447,0.25,"The score is 0.25 because the summary omits several key details present in the original text, such as feedback about reminders before activities, the long queue at registration, and the busyness of volunteers, making the summary incomplete.",0.0,"The score is 0.00 because all statements in the actual output are fully aligned with the provided contexts, with no contradictions or unsupported claims present."
192,17,0,10,50,585,0.0,"The score is 0.00 because the summary contains a key contradiction by incorrectly linking smaller group organization to providing clear directions, which is not supported by the original text. Additionally, the summary omits several important details present in the original, such as feedback about reminders, long queues, busy volunteers, and the need for clearer registration information. These omissions and inaccuracies result in a summary that does not accurately or sufficiently represent the original text.",0.88,"The score is 0.88 because, while the actual output aligns with a few key points from the context, it omits a large number of relevant details without introducing any factual errors or contradictions. The high score reflects significant incompleteness rather than hallucination."
193,17,1,10,50,475,0.5,"The score is 0.50 because the summary introduces extra information by inferring causality not directly stated in the original text, and it omits specific feedback details that the original text provides, reducing the summary's completeness and accuracy.",0.62,"The score is 0.62 because while the actual output aligns with many key points from the context, there are numerous omissions where it fails to address specific details and suggestions present in the context, resulting in partial coverage and moderate hallucination."
194,18,0,10,50,1691,0.4,"The score is 0.40 because the summary exaggerates the prevalence of an opinion by stating 'many respondents' instead of 'some people,' which misrepresents the original text. Additionally, the summary omits several pieces of feedback present in the original, such as suggestions for reminders before activities, comments on long registration queues, and observations about busy volunteers, reducing its completeness and accuracy.",0.0,The score is 0.00 because all actual output statements are factually aligned with the context and there are no contradictions or unsupported claims.
195,18,1,10,50,553,0.2,"The score is 0.20 because the summary contradicts the original text by incorrectly stating there is a general lack of awareness, whereas the original text discusses issues with the effectiveness and clarity of COVID-19 prevention messaging. Additionally, the summary omits several specific feedback points present in the original text, such as requests for reminders, comments on long queues, the need for more masks, and observations about busy volunteers.",0.22,"The score is 0.22 because the actual output aligns with the majority of context points, with only a few minor omissions (e.g., handwashing stations, masks, signage, transport), indicating low but not zero hallucination."
196,19,0,10,50,303,0.5,"The score is 0.50 because the summary omits important feedback details present in the original text, such as comments about the long registration queue and the busyness of volunteers, which limits the summary's completeness and usefulness.",0.0,"The score is 0.00 because all factual alignments show agreement or non-contradiction between the actual output and the context, with no contradictions present."
197,19,1,10,50,899,0.6,"The score is 0.60 because the summary introduces unsupported claims about favoritism and causality, and omits specific feedback about volunteers being busy, reducing its accuracy and completeness.",0.36,"The score is 0.36 because the actual output aligns with most factual details from the context, but it omits several important points and beliefs, leading to partial coverage and some factual gaps."
198,20,0,10,50,1128,0.4,"The score is 0.40 because the summary repeatedly misrepresents the intended outcomes of recommendations from the original text, altering benefits such as improved participation instead of reduced crowding or confusion. Additionally, the summary omits specific feedback details present in the original text, leading to a significant loss of accuracy and completeness.",0.56,"The score is 0.56 because while there are numerous factual alignments between the actual output and the context, there are also many significant omissions and contradictions where the output fails to address specific details present in the context, indicating a moderate level of hallucination."
199,20,1,10,50,848,0.4,"The score is 0.40 because the summary omits several key details present in the original text, such as feedback about reminders before activities, the need for more masks, and comments on volunteers being busy, which limits the summary's completeness and usefulness.",0.0,"The score is 0.00 because all statements in the actual output are fully supported by the context, with numerous factual alignments and no contradictions, indicating no hallucination."
200,1,0,20,50,926,0.25,"The score is 0.25 because the summary introduces extra information about a 'filtered dataset' and 'evidence-based recommendations for this sector' that is not present in the original text, and it omits several specific feedback points that the original text addresses, such as suggestions for reminders, comments on long registration queues, and observations about busy volunteers.",0.52,"The score is 0.52 because while the actual output aligns with many factual details from the context, it omits several key points and corrections, indicating partial coverage and moderate risk of hallucination due to missing relevant information."
201,1,1,20,50,4322,1.0,The score is 1.00 because the summary accurately reflects the original text without introducing contradictions or extra information. Excellent summarization quality.,0.0,"The score is 0.00 because all factual details in the actual output align with the provided context, and there are no contradictions or unsupported claims."
202,2,0,20,50,1825,0.5,"The score is 0.50 because the summary introduces extra information not present in the original text and omits specific feedback that the original text provides, such as requests for more masks and comments about volunteers being busy. This reduces the summary's accuracy and completeness.",0.82,"The score is 0.82 because, despite several factual alignments, there are numerous contradictions where the actual output omits key details from the context, indicating significant gaps and omissions rather than outright hallucinations."
203,2,1,20,50,772,0.5,"The score is 0.50 because the summary introduces a contradiction by mentioning limited disability support, which is not supported by the original text. Additionally, the summary omits key feedback about mask availability and volunteer engagement, reducing its accuracy and completeness.",0.26,"The score is 0.26 because the actual output closely aligns with the majority of factual details in the context, with only a few minor omissions and no evidence of fabricated or unsupported information."
204,3,0,20,50,644,0.0,"The score is 0.00 because the summary introduces a contradiction by incorrectly stating that additional awareness sessions would reduce waiting times, which is not supported by the original text. Additionally, the summary omits several key pieces of feedback present in the original text, such as suggestions for reminders, comments on long queues, requests for more masks, observations about busy volunteers, and the need for clearer registration information. These omissions and inaccuracies significantly reduce the quality of the summarization.",0.74,"The score is 0.74 because while the actual output aligns with several context points, there are numerous contradictions where key context issues are not addressed or mentioned, indicating significant omissions and a high potential for hallucination."
205,3,1,20,50,358,0.0,"The score is 0.00 because the summary introduces unsupported information about 'long distances to activity locations' and omits several key details present in the original text, such as feedback on reminders, queue length, mask availability, volunteer busyness, and registration information clarity.",0.0,"The score is 0.00 because all statements in the actual output are factually aligned with the provided contexts, and there are no contradictions or unsupported claims."
206,4,0,20,50,1186,0.6,"The score is 0.60 because the summary presents reported opinions as confirmed facts, introduces recommendations and directives not present in the original text, and omits specific feedback details that the original text provides. These issues reduce the summary's accuracy and completeness.",0.44,"The score is 0.44 because while the actual output aligns with most factual details from the context, it omits several key points and suggestions, leading to partial coverage and moderate risk of hallucination."
207,4,1,20,50,570,0.2,"The score is 0.20 because the summary omits several key details present in the original text, such as feedback about reminders before activities, the need for more masks, volunteers being busy, and the desire for clearer registration information. This significantly reduces the summary's completeness and usefulness.",0.0,"The score is 0.00 because there are no contradictions between the actual output and the context, and all referenced details are either aligned or not addressed, indicating no hallucinated information."
208,5,0,20,50,1266,0.0,"The score is 0.00 because the summary fails to capture key feedback points present in the original text, such as requests for reminders before activities, more masks for families, comments on volunteer availability, and the need for clearer registration information. As a result, the summary does not reflect the main content of the original text.",0.46,"The score is 0.46 because while the actual output aligns with many factual details from the context, it omits several key concerns and recommendations, leading to partial coverage and moderate risk of hallucination."
209,5,1,20,50,1206,0.25,"The score is 0.25 because the summary omits several key details present in the original text, such as feedback about reminders before activities, the need for more masks, and comments on volunteer availability. This significantly reduces the summary's completeness and usefulness.",0.42,"The score is 0.42 because while the actual output aligns with most factual details in the context, there are several omissions where it fails to mention specific suggestions or beliefs present in the context, resulting in moderate but not severe hallucination."
210,6,0,20,50,729,0.0,"The score is 0.00 because the summary introduces multiple pieces of extra information not present in the original text and omits key feedback details that the original text provides, such as comments about reminders, long queues, and volunteer availability. This results in a summary that is not faithful to the original content.",0.0,"The score is 0.00 because all factual alignments show the actual output is fully supported by the context, with no contradictions or unsupported claims."
211,6,1,20,50,1009,0.5,"The score is 0.50 because the summary introduces extra information about ramps and elevators that is not present in the original text, and it omits details such as feedback about reminders and volunteers' availability, which the original text addresses.",0.0,"The score is 0.00 because all statements in the actual output are fully aligned with the context, with no contradictions or unsupported claims present."
212,7,0,20,50,629,0.0,"The score is 0.00 because the summary introduces extra details not present in the original text and omits several key points that the original text addresses, such as feedback about reminders, long queues, and volunteer availability. This results in a summary that is both inaccurate and incomplete.",0.66,"The score is 0.66 because while the actual output aligns with many factual points from the context, it omits a significant number of relevant details and recommendations, indicating partial coverage and moderate hallucination."
213,7,1,20,50,499,0.75,"The score is 0.75 because the summary introduces extra information by labeling certain issues as the 'most common' without explicit support from the original text, and it omits specific feedback about reminders that the original text contains. Otherwise, the summary aligns well with the main points.",0.0,"The score is 0.00 because all statements in the actual output are either directly aligned with the context or do not contradict it, and there are no contradictions or unsupported claims."
214,8,0,20,50,750,0.2,"The score is 0.20 because the summary omits several key details present in the original text, such as feedback about reminders before activities, long registration queues, the need for more masks, and volunteers being too busy for questions. This significantly reduces the summary's completeness and usefulness.",0.66,"The score is 0.66 because while the actual output aligns with several key points from the context, there are numerous contradictions where important contextual details are omitted or not addressed, indicating partial but not full factual alignment."
215,8,1,20,50,1177,0.6,"The score is 0.60 because the summary omits key feedback details present in the original text, such as the desire for reminders before activities and the suggestion that more masks would help families follow prevention measures. This reduces the summary's completeness and accuracy.",0.0,"The score is 0.00 because all statements in the actual output align with the provided contexts and there are no contradictions, indicating no hallucinated information."
216,9,0,20,50,487,0.0,"The score is 0.00 because the summary introduces extra justifications and details not present in the original text, and omits several key points and feedback that the original text provides, resulting in a summary that does not accurately reflect the source material.",0.68,"The score is 0.68 because, despite many factual alignments between the actual output and the context, there are numerous unaddressed issues and missing recommendations, indicating significant omissions and partial coverage, which increases the hallucination score."
217,9,1,20,50,283,0.4,"The score is 0.40 because the summary omits several key details present in the original text, such as feedback about reminders before activities, the need for more masks, and comments on volunteers being busy. This reduces the summary's completeness and usefulness.",0.8,"The score is 0.80 because while the actual output aligns with several key points in the context, it omits a large number of important details and suggestions present in the context, resulting in significant factual gaps and incomplete coverage."
218,10,0,20,50,2010,0.25,"The score is 0.25 because the summary omits key feedback details present in the original text, such as comments about long registration queues, the need for more masks, and the busyness of volunteers, making the summary incomplete.",0.6,"The score is 0.60 because while the actual output aligns with many context points, there are numerous omissions where key contextual details and recommendations are not addressed, indicating partial coverage and moderate risk of hallucination due to missing relevant information."
219,10,1,20,50,417,0.5,"The score is 0.50 because the summary omits key details present in the original text, such as feedback about the need for more masks and comments on the volunteers' availability, which limits the summary's completeness and usefulness.",0.74,"The score is 0.74 because, although there are many factual alignments between the actual output and the context, there are also numerous contradictions where important context details are omitted or not addressed, indicating significant gaps and omissions rather than outright hallucinations."
220,11,0,20,50,1829,0.2,"The score is 0.20 because the summary omits several key details present in the original text, such as feedback about reminders before activities, long registration queues, the need for more masks, and volunteers being too busy for questions. This significantly reduces the summary's completeness and usefulness.",0.5,"The score is 0.50 because while the actual output aligns with many key points from the context, there are also numerous omissions where important contextual details are not addressed, resulting in a moderate level of factual incompleteness but no clear fabrications."
221,11,1,20,50,1221,0.6,"The score is 0.60 because the summary omits some details present in the original text, such as feedback about reminders before activities and the suggestion that more masks would help families follow prevention measures. This reduces the summary's completeness and informativeness.",0.0,"The score is 0.00 because all factual alignments between the actual output and context are strong, with no contradictions present, indicating no hallucination."
222,12,0,20,50,661,0.25,"The score is 0.25 because the summary omits several key details present in the original text, such as feedback about reminders before activities, long queues at registration, and volunteers being too busy for questions. This significantly reduces the summary's completeness and usefulness.",0.0,The score is 0.00 because there are no contradictions and all factual alignments show that the actual output either directly agrees with or does not contradict the provided contexts.
223,12,1,20,50,664,0.75,"The score is 0.75 because the summary introduces an inference about resource distribution being a major factor, which is not directly supported by the original text, and omits specific feedback about reminders before activities. Otherwise, the summary aligns well with the original content.",0.0,"The score is 0.00 because all factual statements in the actual output are fully aligned with the context, with no contradictions or unsupported claims present."
224,13,0,20,50,701,0.25,"The score is 0.25 because the summary omits several key details present in the original text, such as feedback about long queues at registration, the need for more masks to help families follow prevention measures, and comments about volunteers being too busy to answer questions. This significantly reduces the summary's completeness and usefulness.",0.0,"The score is 0.00 because there are no contradictions and all factual alignments indicate that the actual output either aligns with or does not contradict the context, showing no evidence of hallucination."
225,13,1,20,50,1043,0.0,"The score is 0.00 because the summary introduces multiple pieces of extra information not present in the original text, such as labeling certain issues as the 'most common' without evidence, and omits specific feedback details like volunteers being too busy to answer questions. This results in a summary that is inaccurate and incomplete compared to the original text.",0.0,"The score is 0.00 because all factual alignments between the actual output and the context are supported, with no contradictions present, indicating no hallucinated information."
226,14,0,20,50,1080,0.0,"The score is 0.00 because the summary introduces extrapolated impacts and combined solutions not present in the original text, and omits specific feedback and suggestions that the original text provides, resulting in a summary that does not accurately reflect the source material.",0.56,"The score is 0.56 because while there are numerous factual alignments between the actual output and the context, there are also many omissions where the output fails to address specific contextual details, leading to a moderate level of hallucination."
227,14,1,20,50,908,0.5,"The score is 0.50 because the summary omits key details present in the original text, such as feedback about the need for more masks and comments on the busyness of volunteers, which limits the summary's completeness and usefulness.",0.34,"The score is 0.34 because the actual output mostly aligns with the context, accurately reflecting many factual details, but omits several specific suggestions and issues present in the context, resulting in some contradictions but no major hallucinations."
228,15,0,20,50,694,0.25,"The score is 0.25 because the summary omits several key details present in the original text, such as feedback about reminders before activities, long queues at registration, and volunteers being too busy for questions. This significantly reduces the summary's completeness and usefulness.",0.4,"The score is 0.40 because while there are numerous factual alignments between the actual output and the context, several relevant context points are omitted or not addressed, leading to partial coverage and some missed details, but no clear evidence of fabricated or false information."
229,15,1,20,50,360,0.75,"The score is 0.75 because the summary omits the detail that feedback suggested reminders before activities would be appreciated, which reduces its completeness. Otherwise, the summary aligns well with the original text.",0.0,"The score is 0.00 because all statements in the actual output are factually aligned with the context, with no contradictions or unsupported claims present."
230,16,0,20,50,667,0.4,"The score is 0.40 because the summary omits several key details present in the original text, such as specific feedback about long queues, the need for more masks, and the busyness of volunteers, which limits the summary's completeness and usefulness.",0.0,"The score is 0.00 because all factual alignments show that the actual output is fully consistent with the provided contexts, and there are no contradictions or unsupported statements."
231,16,1,20,50,1079,0.6,"The score is 0.60 because the summary introduces extra information by presenting unconfirmed statements as facts, which misrepresents the original text. Additionally, the summary omits specific feedback about the need for more masks and the volunteers' limited availability, reducing its completeness.",0.0,"The score is 0.00 because all statements in the actual output are factually aligned with the context and there are no contradictions, indicating no hallucination."
232,17,0,20,50,1301,0.3333333333333333,"The score is 0.33 because the summary introduces extra information not present in the original text and misrepresents some of the original suggestions, leading to contradictions. Additionally, the summary omits specific feedback that the original text provides, such as details about long queues and mask distribution, reducing its overall accuracy.",0.62,"The score is 0.62 because while the actual output aligns with many context points, there are numerous contradictions where key details from the context are omitted or not addressed, indicating a moderate level of factual incompleteness and potential hallucination."
233,17,1,20,50,921,0.6666666666666666,"The score is 0.67 because the summary introduces contradictions by misrepresenting community uncertainty (confusing testing with vaccination) and by implying issues with mask and hygiene kit availability that are not present in the original text. Additionally, the summary omits specific feedback about the usefulness of more masks for prevention, which the original text provides.",0.58,"The score is 0.58 because while the actual output aligns with many key facts from the context, it omits a significant number of specific details and solutions present in the context, leading to partial coverage and some factual gaps, but without introducing major inaccuracies or fabrications."
234,18,0,20,50,766,0.0,"The score is 0.00 because the summary fails to address several key points from the original text, such as feedback about reminders, registration queues, mask availability, volunteer busyness, and clarity of registration requirements. This indicates the summary omits essential information present in the original.",0.0,"The score is 0.00 because there are no contradictions and all factual alignments either agree with or do not contradict the context, indicating no hallucinated content."
235,18,1,20,50,353,0.4,"The score is 0.40 because the summary omits several key details present in the original text, such as feedback about reminders before activities, the need for more masks, and comments on volunteers being busy. This limits the summary's completeness and usefulness.",0.0,"The score is 0.00 because all statements in the actual output are factually aligned with the context, and there are no contradictions or unsupported claims."
236,19,0,20,50,1151,0.0,"The score is 0.00 because the summary introduces extensive extra information by attributing all feedback and suggestions to an AI, which is not present in the original text. Additionally, the summary omits key feedback details that the original text provides, such as comments about reminders, queue length, and volunteer availability. This results in a summary that is both inaccurate and incomplete.",0.0,"The score is 0.00 because all actual output statements are factually aligned with the context and there are no contradictions, indicating no hallucinations."
237,19,1,20,50,1065,0.5,"The score is 0.50 because the summary introduces unsupported claims about inequitable resource distribution and common mistrust, which contradict the original text. It also adds extra details not present in the source, while omitting specific feedback about reminders and volunteer availability. This reduces the summary's accuracy and completeness.",0.0,"The score is 0.00 because all statements in the actual output are fully aligned with the context, with no contradictions or unsupported claims, indicating no hallucination."
238,20,0,20,50,1435,0.0,"The score is 0.00 because the summary introduces extra information not present in the original text and omits key feedback and details that the original text provides, resulting in a summary that does not accurately reflect the source material.",0.32,"The score is 0.32 because the actual output closely aligns with most factual details in the context, with only a few omissions and no evidence of fabricated or unsupported information."
239,20,1,20,50,659,0.4,"The score is 0.40 because the summary omits several key details present in the original text, such as feedback about reminders before activities, the need for more masks, and comments on volunteers being busy. This reduces the summary's completeness and usefulness.",0.52,"The score is 0.52 because while the actual output aligns with many factual details from the context, it omits a significant number of important points, leading to partial coverage and some factual gaps, but does not introduce false information."
