index,iteration,prompt_index,synthetic_count,n_feedback,output_len,summarization_score,summarization_reason,hallucination_score,hallucination_reason
0,1,0,0,50,1157,0.4,"The score is 0.40 because the summary omits several key details present in the original text, such as feedback about reminders before activities, the need for more masks, and volunteers being too busy for questions. This reduces the summary's completeness and usefulness.",0.26,"The score is 0.26 because the actual output closely aligns with most factual details in the context, with only a few omissions (e.g., masks, testing locations, handwashing stations) and no evidence of fabricated or unsupported information."
1,1,1,0,50,1003,0.6,"The score is 0.60 because, while the summary does not introduce contradictions or extra information, it omits important details present in the original text, such as specific feedback about the need for more masks and the long queue at the registration point. This omission reduces the completeness and informativeness of the summary.",0.0,"The score is 0.00 because all statements in the actual output are fully aligned with the context, with no contradictions or unsupported claims present."
2,2,0,0,50,1023,0.6,"The score is 0.60 because the summary introduces extra information by presenting a hearsay statement from the original text as a confirmed fact, and it omits details about feedback on mask distribution and volunteer availability that are present in the original text.",0.0,"The score is 0.00 because all statements in the actual output are factually aligned with the context, with no contradictions or unsupported claims present."
3,2,1,0,50,1289,0.8,"The score is 0.80 because the summary introduces information not present in the original text, specifically about knowing someone at the health center and vaccines, which contradicts the original content. However, there is no extra unrelated information, and most of the summary aligns well with the source. The summary also omits the detail about feedback on sharing announcements through multiple channels, which the original text addresses.",0.0,"The score is 0.00 because all statements in the actual output are fully aligned with the context, with no contradictions or unsupported claims, indicating no hallucination."
4,3,0,0,50,984,0.2,"The score is 0.20 because the summary introduces several claims with greater certainty than the original text, overstating the effectiveness of proposed actions and adding solutions not present in the source. Additionally, the summary omits specific feedback and concerns that the original text addresses, reducing its accuracy and completeness.",0.0,"The score is 0.00 because there are no contradictions and all factual alignments indicate the actual output is fully consistent with the provided context, showing no evidence of hallucination."
5,3,1,0,50,1078,0.8,"The score is 0.80 because the summary introduces a negative claim about activity timing that is not supported by the original text, and it omits feedback about reminders before activities. However, there is no extra information added, indicating the summary is mostly accurate but with some notable omissions and a contradiction.",0.22,"The score is 0.22 because while the actual output aligns with the majority of factual details in the context, there are several omissions of key information such as requirements for official documents, details about testing and vaccination, and suggestions for awareness sessions, which slightly increases the hallucination score."
6,4,0,0,50,769,0.6,"The score is 0.60 because the summary introduces extra information by presenting hearsay as fact and omits key feedback details present in the original text, such as requests for reminders and comments on volunteer availability.",0.0,"The score is 0.00 because all factual alignments show the actual output consistently agrees with or matches the context, and there are no contradictions, indicating no hallucinations."
7,4,1,0,50,718,0.4,"The score is 0.40 because the summary omits several key details present in the original text, such as feedback about reminders before activities, the need for more masks, and issues with long registration queues. This reduces the summary's completeness and accuracy.",0.0,"The score is 0.00 because all factual statements in the actual output align with the context and there are no contradictions, indicating no hallucination."
8,5,0,0,50,685,0.4,"The score is 0.40 because, while the summary does not introduce contradictions or extra information, it omits several key details present in the original text, such as feedback about reminders before activities, the need for more masks, and observations about volunteers being busy. These omissions reduce the summary's completeness and accuracy.",0.2,"The score is 0.20 because the actual output aligns with most factual contexts, addressing key issues and recommendations, but omits several specific details and corrections noted in the contradictions, indicating minor hallucination."
9,5,1,0,50,818,0.6,"The score is 0.60 because the summary adds extra information by overstating the frequency of issues (e.g., long queues, access difficulties, communication concerns, and busy volunteers) that are only mentioned as isolated or occasional in the original text. Additionally, the summary omits specific feedback present in the original text, such as requests for reminders before activities and more masks for families, reducing its completeness and accuracy.",0.0,"The score is 0.00 because all statements in the actual output are factually aligned with the context and there are no contradictions, indicating no hallucination."
10,6,0,0,50,891,0.75,"The score is 0.75 because the summary exaggerates the frequency and scope of reported issues, stating that long queues and crowding were 'frequently reported' at both registration points and activities, which is not supported by the original text. Additionally, the summary omits feedback about volunteers being very busy and having little time for questions, which the original text addresses.",0.26,"The score is 0.26 because while the actual output aligns with most context points (as shown by numerous factual alignments), it omits several key details present in the context (such as registration limitations, documentation requirements, and perceptions of unequal support), resulting in partial but not complete factual consistency."
11,6,1,0,50,1067,0.4,"The score is 0.40 because the summary repeatedly exaggerates the scale and frequency of issues compared to the original text, generalizing specific feedback and combining distinct points. It also introduces interpretations not present in the original, such as perceived unfairness about eligibility. Additionally, the summary omits some actionable feedback found in the original text, such as requests for reminders and observations about volunteer availability.",0.0,"The score is 0.00 because all factual statements in the actual output align with the context and there are no contradictions, indicating no hallucinated information."
12,7,0,0,50,839,0.7142857142857143,"The score is 0.71 because the summary adds extra suggestions and details not present in the original text, such as organizing at different locations and ensuring equal access, and omits specific feedback about volunteers being busy and limited opportunities for questions. However, there are no direct contradictions, so the summary is generally accurate but not fully comprehensive or precise.",0.0,"The score is 0.00 because there are numerous factual alignments and no contradictions between the actual output and the context, indicating that the output is fully grounded in the provided information with no hallucinations."
13,7,1,0,50,814,0.5,"The score is 0.50 because the summary introduces extra information not present in the original text and omits answers to specific feedback-related questions, reducing its overall accuracy and completeness.",0.0,"The score is 0.00 because all statements in the actual output are factually aligned with the context and there are no contradictions, indicating no hallucinated content."
14,8,0,0,50,779,0.4,"The score is 0.40 because the summary overstates the certainty of outcomes mentioned as suggestions in the original text, introduces extra information not explicitly stated, and omits specific feedback present in the original text, resulting in a significant loss of accuracy and detail.",0.44,"The score is 0.44 because while the actual output aligns with many factual details from the context, it omits several key points such as issues with handwashing stations, mask availability, eligibility criteria, and perceptions of unequal support, indicating partial coverage and moderate hallucination."
15,8,1,0,50,677,0.4,"The score is 0.40 because the summary introduces extra information not present in the original text, such as crowding being 'frequently reported' and favoritism being 'commonly raised,' which overstates the original feedback. Additionally, the summary omits specific feedback about mask distribution, long queues, and suggestions for improving information sharing, reducing its coverage and accuracy.",0.0,"The score is 0.00 because there are numerous factual alignments and no contradictions between the actual output and the context, indicating that the output is fully supported by the provided evidence with no hallucinations."
16,9,0,0,50,646,0.2,"The score is 0.20 because the summary introduces extra information not present in the original text and omits several specific feedback points that the original text addresses, such as requests for reminders, more masks, and details about the registration queue and volunteer availability. This results in a summary that is incomplete and less accurate.",0.0,"The score is 0.00 because all statements in the actual output align with the context and there are no contradictions, indicating no hallucinated or unsupported information."
17,9,1,0,50,833,0.8,"The score is 0.80 because the summary omits the detail that feedback suggests sharing announcements through multiple channels could help more people receive information, which reduces its completeness. However, there are no contradictions or extra information, indicating the summary is otherwise accurate and concise.",0.0,"The score is 0.00 because all factual alignments show the actual output is fully supported by the context, with no contradictions or unsupported claims."
18,10,0,0,50,1173,0.6,"The score is 0.60 because the summary adds extra information by implying that certain actions were implemented or guaranteed to build trust, whereas the original text only suggested them. Additionally, the summary omits specific feedback present in the original text, such as requests for more masks and observations about volunteers' availability, reducing its completeness.",0.12,"The score is 0.12 because the actual output aligns with most factual details from the context, with only a few omissions regarding specific eligibility and resource limitations, resulting in a low hallucination score."
19,10,1,0,50,1016,0.2,"The score is 0.20 because the summary omits several key details present in the original text, such as specific feedback about reminders, mask distribution, communication channels, and volunteer availability. This significantly reduces the summary's completeness and usefulness.",0.2,"The score is 0.20 because the actual output aligns with most factual details from the context, but it omits several specific requirements and limitations (e.g., need for official documents, restricted eligibility, timing issues), resulting in minor hallucination."
20,11,0,0,50,952,0.4,"The score is 0.40 because the summary omits several key details present in the original text, such as feedback about reminders before activities, the need for more masks, and volunteers being too busy for questions. This limits the summary's completeness and usefulness.",0.0,"The score is 0.00 because there are no contradictions and all referenced details in the actual output either align with or do not contradict the context, indicating no hallucinated information."
21,11,1,0,50,990,0.4,"The score is 0.40 because, while the summary does not introduce contradictions or extra information, it omits several key details present in the original text, such as feedback about reminders before activities, the need for more masks, and the suggestion to use multiple channels for announcements. This limits the summary's completeness and usefulness.",0.0,"The score is 0.00 because all statements in the actual output align with the context and there are no contradictions, indicating no hallucinated information."
22,12,0,0,50,1052,0.4,"The score is 0.40 because the summary adds extra information not present in the original text, such as reports of frustration and the number of people commenting on the queue, and omits several specific feedback points that the original text addresses, reducing its completeness and accuracy.",0.34,"The score is 0.34 because while the actual output aligns with most factual details in the context, there are several omissions where it fails to mention specific issues such as late starts, eligibility requirements, and perceptions of unequal support, leading to a moderate level of hallucination."
23,12,1,0,50,795,0.8,"The score is 0.80 because the summary omits the detail about feedback indicating that more masks would help families follow prevention measures, which is present in the original text. Otherwise, the summary aligns well with the original content.",0.0,"The score is 0.00 because all statements in the actual output are factually aligned with the context, and there are no contradictions or unsupported claims."
24,13,0,0,50,1166,1.0,The score is 1.00 because the summary accurately reflects the original text without introducing contradictions or extra information. Excellent summarization quality.,0.38,"The score is 0.38 because while the actual output aligns with most factual details from the context, there are several notable omissions and contradictions where key context points are not addressed, indicating some degree of factual incompleteness but limited hallucination."
25,13,1,0,50,922,0.8,"The score is 0.80 because the summary introduces extra information about challenges in locating activity sites and limited accessibility, which are not present in the original text. Additionally, the summary omits feedback about volunteers being very busy and little time to ask questions, which the original text addresses. Overall, the summary is mostly accurate but includes some unsupported details and misses a specific point.",0.0,"The score is 0.00 because there are numerous factual alignments and no contradictions between the actual output and the context, indicating no hallucination."
26,14,0,0,50,726,0.6,"The score is 0.60 because the summary adds extra information not present in the original text, such as explicitly stating the process was difficult for many people and combining solutions for reducing crowding and waiting times. Additionally, the summary omits details about feedback regarding volunteers being very busy and little time to ask questions, which the original text addresses.",0.28,"The score is 0.28 because the actual output mostly aligns with the context, addressing key issues and recommendations, but it omits several specific concerns and details present in the context, resulting in some factual gaps and minor hallucinations."
27,14,1,0,50,847,0.6,"The score is 0.60 because the summary introduces a contradiction by claiming there were supply shortages of masks, whereas the original text only mentions a need for more masks, not an actual shortage. Additionally, the summary omits details that the original text could answer, such as specific feedback about mask distribution and queue length. No extra information was added, but these issues reduce the summary's accuracy.",0.26,"The score is 0.26 because the actual output aligns with most factual details in the context, but omits several specific points such as perceived inequity in support distribution, restrictions on eligibility, and details about vaccination and testing, resulting in some factual gaps but no major contradictions or fabrications."
28,15,0,0,50,638,0.25,"The score is 0.25 because the summary omits several key details present in the original text, such as feedback about reminders before activities, long registration queues, and volunteers being too busy for questions. This significantly reduces the summary's completeness and usefulness.",0.0,"The score is 0.00 because all factual alignments show the actual output consistently matches the provided contexts, with no contradictions or unsupported claims."
29,15,1,0,50,1019,0.5,"The score is 0.50 because, while the summary does not introduce contradictions or extra information, it omits key details present in the original text, such as specific feedback about the need for more masks and the volunteers' busyness, which limits its completeness.",0.0,"The score is 0.00 because all statements in the actual output are fully aligned with the context, with no contradictions or unsupported information present."
30,16,0,0,50,859,0.8,"The score is 0.80 because the summary introduces a minor unsubstantiated benefit regarding increased opportunities for questions if more volunteers were present, which is not explicitly stated in the original text. Additionally, the summary omits specific feedback about volunteers being very busy and having little time for questions. Overall, the summary remains mostly accurate but misses some nuance and detail.",0.0,"The score is 0.00 because all statements in the actual output are either factually aligned with or neutral to the context, with no contradictions or unsupported claims present."
31,16,1,0,50,782,0.4,"The score is 0.40 because the summary introduces several contradictions, such as overstating the frequency of long queues and misrepresenting the type of uncertainty and information gaps discussed in the original text. Additionally, the summary omits specific feedback present in the original, such as suggestions for reminders, mask distribution, and multi-channel announcements, reducing its accuracy and completeness.",0.0,"The score is 0.00 because all statements in the actual output are factually aligned with the context, and there are no contradictions or unsupported claims."
32,17,0,0,50,701,0.2,"The score is 0.20 because the summary introduces extra information not present in the original text and omits several key details and feedback that the original text provides, resulting in a poor representation of the source material.",0.44,"The score is 0.44 because while the actual output aligns with many key facts from the context, it omits several important details such as requirements for official documents, perceptions about support distribution, and logistical issues like long queues and water shortages, leading to partial factual coverage and moderate hallucination."
33,17,1,0,50,912,0.2,"The score is 0.20 because the summary introduces substantial extra information not present in the original text and omits several specific feedback points that the original text addresses, resulting in a poor reflection of the source material.",0.0,"The score is 0.00 because all factual alignments show that the actual output is fully supported by the context, with no contradictions or unsupported claims present."
34,18,0,0,50,730,0.25,"The score is 0.25 because the summary introduces extra claims not supported by the original text, such as guaranteeing all households receive updates and ensuring equal access, which overstate the original points. Additionally, the summary omits specific feedback present in the original text, such as requests for reminders, comments on long queues, and observations about busy volunteers, reducing its accuracy and completeness.",0.0,"The score is 0.00 because all factual alignments show that the actual output is fully consistent with the context, and there are no contradictions or unsupported details."
35,18,1,0,50,751,0.5,"The score is 0.50 because, while the summary does not introduce contradictions or extra information, it omits key details present in the original text, such as feedback about reminders before activities and the suggestion to share announcements through multiple channels. This limits the summary's completeness and usefulness.",0.0,"The score is 0.00 because all statements in the actual output are factually aligned with the context and there are no contradictions, indicating no hallucinations."
36,19,0,0,50,1045,0.2,"The score is 0.20 because the summary contains several contradictions to the original text, overstates certain requirements, and introduces extra information not present in the source. Additionally, the summary omits specific feedback and details that the original text provides, reducing its accuracy and completeness.",0.14,"The score is 0.14 because the actual output closely aligns with the context in most areas, with only minor omissions (e.g., handwashing stations, posters, masks, signage) and no evidence of fabricated or unsupported information."
37,19,1,0,50,763,0.4,"The score is 0.40 because the summary introduces a contradiction by mentioning inaccessible locations, which is not in the original text, and omits several specific feedback points present in the original, such as requests for reminders, more masks, and multi-channel announcements. This results in a summary that is incomplete and partially inaccurate.",0.0,"The score is 0.00 because all statements in the actual output are fully supported by the context, with no contradictions or unsupported claims."
38,20,0,0,50,1082,0.6,"The score is 0.60 because the summary introduces requirements for official documents and registration that contradict the original text, and adds details about activity schedules not present in the source. Additionally, the summary omits feedback about mask distribution and volunteer availability, which are covered in the original text.",0.26,"The score is 0.26 because the actual output aligns with most factual details from the context, but it omits several specific limitations and beliefs present in the context, resulting in minor hallucinations."
39,20,1,0,50,1314,0.2,"The score is 0.20 because the summary introduces several inaccuracies, such as stating that organizational challenges and confusion about eligibility were commonly cited, which is not supported by the original text. It also adds extra details not present in the original, like prioritization based on location and registration lists being full. Additionally, the summary omits specific feedback present in the original, such as requests for more masks, long queues, and suggestions for better communication, resulting in a low summarization quality.",0.0,"The score is 0.00 because all statements in the actual output are fully aligned with the context, with no contradictions or unsupported claims, indicating no hallucination."
40,1,0,1,50,646,0.4,"The score is 0.40 because the summary omits several key details present in the original text, such as feedback about reminders before activities, long queues at registration, and suggestions for sharing announcements through multiple channels. This reduces the summary's completeness and usefulness.",0.0,"The score is 0.00 because all statements in the actual output are factually aligned with the context, with no contradictions or unsupported claims present."
41,1,1,1,50,997,0.4,"The score is 0.40 because, while the summary does not introduce contradictions or extra information, it omits several key details present in the original text, such as specific feedback about mask distribution, queue length, and suggestions for improving information dissemination. This limits the summary's completeness and usefulness.",0.42,"The score is 0.42 because while the actual output aligns with many factual details from the context, it omits several key points and suggestions present in the context, resulting in partial coverage and moderate hallucination."
42,2,0,1,50,1156,0.8,"The score is 0.80 because the summary omits the detail about feedback indicating that more masks would help families follow prevention measures, which is present in the original text. Otherwise, the summary aligns well with the original content.",0.26,"The score is 0.26 because the actual output is highly aligned with the factual contexts, with only minor omissions and no significant contradictions or fabricated information."
43,2,1,1,50,1010,0.6,"The score is 0.60 because the summary omits important feedback present in the original text, such as suggestions for reminders before activities and requests for more masks to help families follow prevention measures. This reduces the summary's completeness and usefulness.",0.0,"The score is 0.00 because all factual alignments show that the actual output is fully supported by the context, with no contradictions or unsupported claims present."
44,3,0,1,50,1384,0.4,"The score is 0.40 because the summary introduces extra information about eligibility criteria and activity schedules being communicated through multiple channels and ensuring equal access, which is not present in the original text. Additionally, the summary omits several specific feedback points that the original text addresses, such as requests for reminders, more masks, and comments about volunteers' availability. This results in a summary that is only partially faithful to the original content.",0.26,"The score is 0.26 because the actual output aligns with most factual details from the context, but it omits several specific eligibility criteria, logistical requirements, and reported barriers, resulting in minor factual gaps rather than outright hallucinations."
45,3,1,1,50,1223,0.5,"The score is 0.50 because the summary introduces several unsupported generalizations and claims about frequency, motivation, and insufficiency that are not present in the original text, and it omits specific feedback and suggestions that the original text provides. This results in a summary that only partially reflects the original content and misrepresents some details.",0.12,"The score is 0.12 because the actual output is highly aligned with the context, with only a few minor omissions (e.g., not mentioning specific eligibility criteria, distribution biases, or visibility of posters) and no evidence of fabricated or incorrect information."
46,4,0,1,50,551,0.4,"The score is 0.40 because the summary omits several key details present in the original text, such as feedback about reminders, the use of multiple channels for announcements, and observations about volunteer availability. This limits the summary's completeness and usefulness.",0.4,"The score is 0.40 because while the actual output aligns with many key points in the context, there are several notable omissions where it fails to address specific issues such as full registration lists, advance announcements, and visibility of posters, leading to a moderate level of hallucination."
47,4,1,1,50,1356,0.7777777777777778,"The score is 0.78 because the summary introduces some contradictions and extra details not present in the original text, such as eligibility requirements and the frequency of long queues, and omits specific feedback about volunteer availability. However, it still captures much of the main content, justifying a moderately high score.",0.0,"The score is 0.00 because all statements in the actual output are factually aligned with the context and there are no contradictions, indicating no hallucinations."
48,5,0,1,50,1135,0.4,"The score is 0.40 because the summary introduces a contradiction by incorrectly stating there were shortages and long waits for masks, which the original text does not mention. Additionally, the summary omits several details present in the original text, such as specific feedback about the need for more masks, long registration queues, and the busyness of volunteers, reducing its overall accuracy and completeness.",0.2,"The score is 0.20 because the actual output aligns with most factual details in the context, but it omits several specific eligibility criteria and operational issues, leading to minor hallucinations."
49,5,1,1,50,907,0.4,"The score is 0.40 because the summary omits several key details present in the original text, such as feedback about reminders before activities, long registration queues, and suggestions for sharing announcements through multiple channels. This reduces the summary's completeness and usefulness.",0.0,"The score is 0.00 because all statements in the actual output are fully supported by the context, with numerous factual alignments and no contradictions, indicating no hallucination."
50,6,0,1,50,749,0.6,"The score is 0.60 because the summary contradicts the original text regarding the clarity and pace of instructions and the provision of reminders, which affects accuracy. However, there is no extra information added, and the summary covers some main points, justifying a moderate score.",0.0,"The score is 0.00 because all factual alignments show the actual output consistently agrees with the context, and there are no contradictions, indicating no hallucination."
51,6,1,1,50,1002,0.6,"The score is 0.60 because the summary introduces requirements for official documents and overstates difficulties with scheduling and signage, which are not supported by the original text. Additionally, the summary omits specific feedback about mask distribution and communication channels that the original text addresses.",0.0,"The score is 0.00 because all statements in the actual output are factually aligned with the context, and there are no contradictions or unsupported claims."
52,7,0,1,50,1154,0.6,"The score is 0.60 because, while the summary does not introduce contradictions or extra information, it omits key details present in the original text, such as feedback about the need for more masks and the busyness of volunteers, which limits its completeness.",0.56,"The score is 0.56 because while there are many factual alignments between the actual output and the context, there are also numerous contradictions where key concerns and details from the context are omitted or unaddressed in the output, indicating a moderate level of hallucination."
53,7,1,1,50,878,0.4,"The score is 0.40 because, while the summary does not introduce contradictions or extra information, it omits several key details present in the original text, such as feedback about reminders before activities, the need for more masks, and the suggestion to use multiple channels for announcements. This limits the summary's completeness and usefulness.",0.08,"The score is 0.08 because the actual output aligns with nearly all factual details in the context, with only a few minor omissions regarding specific eligibility and documentation requirements, resulting in a low hallucination score."
54,8,0,1,50,1092,0.4,"The score is 0.40 because the summary introduces extra suggestions not present in the original text and omits specific feedback and details that the original text provides, such as issues with mask availability, long queues, and volunteer workload. This reduces the summary's accuracy and completeness.",0.4,"The score is 0.40 because while the actual output aligns with many factual details from the context, it omits several key points such as the long queue at registration, proximity-based support, and specific eligibility or access issues, indicating partial but not complete factual alignment and some omissions rather than outright hallucinations."
55,8,1,1,50,1007,0.6,"The score is 0.60 because the summary introduces a contradiction by mentioning distant distribution sites as an issue, which is not supported by the original text. Additionally, the summary omits some feedback present in the original, such as the desire for reminders before activities and the need for more masks to help families follow prevention measures.",0.0,"The score is 0.00 because all statements in the actual output are fully supported by the context, with numerous factual alignments and no contradictions or unsupported claims."
56,9,0,1,50,646,0.0,"The score is 0.00 because the summary contains significant contradictions by misrepresenting reported hearsay as household beliefs, which distorts the original meaning. Additionally, the summary omits several key pieces of feedback present in the original text, resulting in a highly inaccurate and incomplete representation.",0.0,"The score is 0.00 because all factual alignments show the actual output is fully consistent with the context, and there are no contradictions, indicating no hallucinations."
57,9,1,1,50,810,0.4,"The score is 0.40 because the summary introduces contradictions and extra information not supported by the original text, such as overstating the frequency of certain issues. Additionally, the summary omits several specific feedback points present in the original text, reducing its accuracy and completeness.",0.0,"The score is 0.00 because all statements in the actual output are factually aligned with the context, and there are no contradictions or unsupported claims, indicating no hallucination."
58,10,0,1,50,975,0.5,"The score is 0.50 because the summary introduces extra information about household registration for COVID-19 assistance that is not in the original text, and it omits details about feedback on mask distribution and volunteer availability, reducing its completeness and accuracy.",0.0,"The score is 0.00 because all factual alignments show the actual output consistently matches the context, with no contradictions or unsupported claims."
59,10,1,1,50,1044,0.75,"The score is 0.75 because the summary omits the detail that there is feedback indicating more masks would help families follow prevention measures, which reduces its completeness. Otherwise, the summary aligns well with the original text.",0.0,"The score is 0.00 because all statements in the actual output are factually aligned with the context and there are no contradictions, indicating no hallucinations."
60,11,0,1,50,878,0.75,"The score is 0.75 because the summary introduces an unsubstantiated eligibility criterion not present in the original text, and omits feedback about the usefulness of more masks, which the original text addresses. However, there is no extra unrelated information, indicating the summary is generally accurate but with notable omissions and a contradiction.",0.3,"The score is 0.30 because the actual output closely aligns with the context in most areas, with only minor omissions rather than fabrications or major contradictions. The contradictions mainly reflect missing details rather than invented information, resulting in a relatively low hallucination score."
61,11,1,1,50,633,0.25,"The score is 0.25 because the summary omits several key details present in the original text, such as feedback about the need for more masks, suggestions for sharing announcements through multiple channels, and observations about volunteers being very busy. These omissions significantly reduce the summary's completeness and usefulness.",0.08,"The score is 0.08 because the actual output is highly aligned with the context, with only a few minor omissions regarding specific eligibility criteria and requirements, resulting in a low hallucination score."
62,12,0,1,50,795,0.6,"The score is 0.60 because the summary exaggerates the number of people who left the queue, which contradicts the original text. Additionally, the summary omits some feedback details present in the original, such as suggestions for reminders before activities and providing more masks. Overall, the summary captures the main idea but lacks accuracy and completeness.",0.16,"The score is 0.16 because the actual output aligns with the vast majority of context points, with only a few minor omissions (e.g., hygiene supplies, testing, poster visibility, scheduling), indicating very low hallucination."
63,12,1,1,50,725,0.2,"The score is 0.20 because the summary omits several key details present in the original text, such as specific feedback about reminders, mask distribution, communication channels, and volunteer availability. This significantly reduces the summary's completeness and usefulness.",0.0,"The score is 0.00 because all factual statements in the actual output align with the context and there are no contradictions, indicating no hallucinated information."
64,13,0,1,50,744,0.4,"The score is 0.40 because the summary introduces unsupported claims about consistent updates to all households and disability support eligibility, which contradict the original text. Additionally, the summary omits several pieces of feedback present in the original, such as requests for reminders, more masks, and comments on volunteer availability. These issues significantly reduce the summary's accuracy and completeness.",0.5,"The score is 0.50 because while there are numerous factual alignments between the actual output and the context, there are also several omissions where the output fails to address important contextual details, leading to partial but not full alignment and indicating moderate hallucination."
65,13,1,1,50,717,0.6,"The score is 0.60 because the summary introduces extra information about challenges with eligibility requirements for support and testing that is not present in the original text. Additionally, the summary omits specific feedback from the original text regarding the desire for reminders before activities and the suggestion to use multiple channels for announcements. These omissions and additions reduce the summary's accuracy and completeness.",0.0,"The score is 0.00 because all statements in the actual output are fully supported by the context, with no contradictions or unsupported claims present."
66,14,0,1,50,646,0.4,"The score is 0.40 because the summary omits several key details present in the original text, such as feedback about reminders before activities, long queues at registration, and volunteers being too busy to answer questions. This reduces the summary's completeness and usefulness.",0.04,"The score is 0.04 because the vast majority of the actual output aligns with the context, with only minor omissions where concerns about vaccine eligibility and fairness are not addressed. There are no unsupported or fabricated details, resulting in a low hallucination score."
67,14,1,1,50,1133,0.6,"The score is 0.60 because the summary exaggerates the frequency and specifics of water requests at handwashing stations, which contradicts the original text. Additionally, the summary omits feedback about reminders before activities and suggestions for sharing announcements through multiple channels, both of which are present in the original text. No extra information was added, but these issues reduce the summary's accuracy and completeness.",0.0,"The score is 0.00 because all statements in the actual output are fully aligned with the context and there are no contradictions, indicating no hallucination."
68,15,0,1,50,808,0.6,"The score is 0.60 because while the summary does not introduce contradictions or extra information, it omits important details present in the original text, such as specific feedback about the need for more masks and the volunteers' busyness, which limits the summary's completeness.",0.0,"The score is 0.00 because all statements in the actual output either align with or do not contradict the context, and there are no contradictions or unsupported claims, indicating no hallucination."
69,15,1,1,50,831,0.4,"The score is 0.40 because the summary introduces a contradiction by overstating the original text's evidence about households with disabled members requesting follow-up visits, and it omits several details that the original text can answer, such as feedback on reminders, queue length, and communication channels.",0.0,"The score is 0.00 because all statements in the actual output are factually aligned with the provided contexts, and there are no contradictions, indicating no hallucination."
70,16,0,1,50,779,0.2857142857142857,"The score is 0.29 because the summary introduces several pieces of extra information not present in the original text, such as suggestions for improving accessibility, communication, and volunteer management, while also omitting specific feedback about mask needs and volunteer availability that the original text addresses. This significantly reduces the summary's faithfulness and completeness.",0.28,"The score is 0.28 because the actual output closely aligns with most contextual facts, as shown by numerous factual alignments and only a few omissions or contradictions, indicating minimal hallucination."
71,16,1,1,50,773,0.25,"The score is 0.25 because the summary introduces several pieces of extra information not present in the original text, such as concerns about unequal prioritization, shortages of masks or soap, and issues with timing or location. Additionally, the summary omits answers to questions that the original text addresses, such as feedback on mask distribution and communication channels. While there are no direct contradictions, the presence of significant extra information and omissions justifies the low score.",0.0,"The score is 0.00 because all statements in the actual output are fully aligned with the context, with no contradictions or unsupported claims present."
72,17,0,1,50,1504,0.4,"The score is 0.40 because the summary introduces claims about improving accessibility and difficulty moving around that are not supported by the original text, and omits several pieces of feedback present in the original, such as requests for reminders, more masks, and comments on volunteer availability.",0.18,"The score is 0.18 because the actual output aligns with most factual details from the context, with only a few omissions and no evidence of fabricated or unsupported information."
73,17,1,1,50,772,0.2,"The score is 0.20 because the summary omits several key details present in the original text, such as specific feedback about reminders, registration queues, communication channels, and volunteer availability. This significantly reduces the summary's completeness and usefulness.",0.0,"The score is 0.00 because all statements in the actual output are factually aligned with the provided contexts, and there are no contradictions, indicating no hallucination."
74,18,0,1,50,602,0.25,"The score is 0.25 because the summary introduces extra information not present in the original text, such as claims about current actions being taken regarding multiple locations and fair distribution, which are not confirmed by the original. Additionally, the summary omits key feedback details found in the original text, such as requests for reminders, more masks, and comments on volunteer availability. These omissions and additions significantly reduce the summary's accuracy and completeness.",0.0,"The score is 0.00 because all factual alignments show the actual output is fully consistent with the context, and there are no contradictions, indicating no hallucination."
75,18,1,1,50,739,0.875,"The score is 0.88 because the summary includes extra information about requests for written summaries of announcements, which was not present in the original text. Otherwise, the summary aligns well with the original content.",0.0,"The score is 0.00 because all statements in the actual output are factually aligned with the context and there are no contradictions, indicating no hallucination."
76,19,0,1,50,1139,0.8,"The score is 0.80 because the summary omits the detail that feedback suggests sharing announcements through multiple channels could help more people receive information, which reduces its completeness. Otherwise, the summary aligns well with the original text.",0.2,"The score is 0.20 because the actual output aligns with most factual details from the context, but it omits several specific points such as testing limitations, documentation requirements, poster visibility, and perceptions about support distribution, indicating minor hallucination."
77,19,1,1,50,888,0.4,"The score is 0.40 because the summary omits several key details present in the original text, such as feedback about reminders before activities, the need for more masks, and the suggestion to use multiple channels for announcements. This limits the summary's completeness and usefulness.",0.0,"The score is 0.00 because all statements in the actual output are fully aligned with the context and there are no contradictions, indicating no hallucination."
78,20,0,1,50,735,0.6,"The score is 0.60 because, while the summary does not introduce contradictions or extra information, it omits key feedback present in the original text, such as the desire for reminders before activities and observations about volunteers being too busy for questions. This reduces the summary's completeness and accuracy.",0.0,"The score is 0.00 because all statements in the actual output are either factually aligned with the context or do not contradict it, and there are no contradictions or unsupported claims."
79,20,1,1,50,804,0.4,"The score is 0.40 because, while the summary does not introduce contradictions or extra information, it omits several key details present in the original text, such as specific feedback about reminders, mask distribution, and communication channels. This limits the summary's completeness and usefulness.",0.0,"The score is 0.00 because all statements in the actual output are fully aligned with the context and there are no contradictions, indicating no hallucinated information."
80,1,0,2,50,773,0.5,"The score is 0.50 because the summary omits key feedback present in the original text, such as the desire for reminders before activities and the suggestion that more masks would help families follow prevention measures. This reduces the summary's completeness and informativeness.",0.0,"The score is 0.00 because all factual alignments show agreement or non-contradiction between the actual output and the context, with no contradictions or unsupported statements present."
81,1,1,2,50,816,0.5,"The score is 0.50 because the summary introduces extra information not present in the original text and omits details that the original text can answer, such as specific feedback about long queues and suggestions for improving information dissemination.",0.0,"The score is 0.00 because all statements in the actual output are factually aligned with the provided contexts, and there are no contradictions, indicating no hallucination."
82,2,0,2,50,713,0.5,"The score is 0.50 because the summary makes definitive claims about the effectiveness of certain actions that the original text only presents as suggestions, leading to contradictions. Additionally, the summary omits specific feedback present in the original text, such as the need for more masks and observations about volunteers, which reduces its completeness.",0.52,"The score is 0.52 because while the actual output aligns with many key points from the context, it omits several important details and suggestions present in the context, leading to partial coverage and moderate risk of hallucination due to missing or unaddressed information."
83,2,1,2,50,1107,0.8,"The score is 0.80 because the summary introduces some minor contradictions by overstating the frequency of crowding and concerns about unequal distribution, which are not explicitly established in the original text. However, it does not add extra information and mostly aligns with the source, making it a fairly good summary overall.",0.04,"The score is 0.04 because the actual output is highly aligned with the context, with only minor omissions regarding specific eligibility beliefs and criteria, resulting in a very low hallucination score."
84,3,0,2,50,686,0.25,"The score is 0.25 because the summary introduces extra solutions and claims about equitable access not present in the original text, and it omits specific feedback and details that the original text provides, such as comments about long queues, busy volunteers, and the desire for reminders. This results in a summary that is incomplete and adds unsupported information.",0.0,"The score is 0.00 because all factual alignments show that the actual output is fully supported by the context, with no contradictions or unsupported claims."
85,3,1,2,50,886,0.75,"The score is 0.75 because the summary overgeneralizes the frequency and scope of restrictions on testing and assistance, which is not fully supported by the original text. However, there is no extra or missing information, so the summary is otherwise accurate.",0.0,"The score is 0.00 because all statements in the actual output are factually aligned with the provided contexts, and there are no contradictions, indicating no hallucination."
86,4,0,2,50,954,0.4,"The score is 0.40 because the summary introduces unsupported claims about session organization and registration lists, omits key feedback details present in the original text, and fails to answer several specific questions that the original text addresses.",0.1,"The score is 0.10 because while the actual output aligns with the majority of factual details in the context, it omits several key points (e.g., exclusivity of vaccine access, requirement for official documents, and eligibility criteria for support), indicating minor but notable omissions rather than outright hallucinations."
87,4,1,2,50,729,0.4,"The score is 0.40 because the summary introduces contradictions by exaggerating supply shortages and unequal distribution, and adds extra information about community perceptions not present in the original text. Additionally, the summary omits specific feedback and suggestions that the original text provides, reducing its accuracy and completeness.",0.16,"The score is 0.16 because the actual output closely aligns with the majority of factual details in the context, with only a few minor omissions and no significant hallucations or fabrications."
88,5,0,2,50,688,0.6,"The score is 0.60 because the summary introduces unsupported reasons for people leaving the queue and overstates the effectiveness of communication strategies, contradicting the original text. Additionally, the summary omits feedback about reminders and volunteer availability, reducing its completeness and accuracy.",0.36,"The score is 0.36 because the actual output aligns with most factual details in the context, but it omits several important points (e.g., water running out at handwashing stations, testing eligibility, and crowding issues), leading to partial coverage rather than full factual alignment."
89,5,1,2,50,1182,0.8,"The score is 0.80 because the summary generally reflects the original text but introduces some generalizations not supported by the original, such as overstating the prevalence of reported difficulties and opinions. Additionally, the summary omits specific feedback about the usefulness of providing more masks, which the original text addresses.",0.0,"The score is 0.00 because all statements in the actual output are factually aligned with the context, and there are no contradictions or unsupported claims."
90,6,0,2,50,1059,0.5,"The score is 0.50 because the summary introduces several inaccuracies, such as misattributing the cause of missed activities to crowding, incorrectly stating that households requested specific items, and adding unsupported details about eligibility requirements. Additionally, the summary omits feedback about reminders and volunteer availability, reducing its overall fidelity to the original text.",0.0,"The score is 0.00 because there are no contradictions and all factual alignments show the actual output consistently agrees with the context, indicating no hallucination."
91,6,1,2,50,1106,0.8,"The score is 0.80 because the summary exaggerates the prevalence of a belief and introduces a request for information about vaccination schedules not present in the original text. Additionally, the summary omits feedback about sharing announcements through multiple channels. Overall, the summary is mostly accurate but contains some notable discrepancies.",0.12,"The score is 0.12 because the actual output is highly aligned with the context, with numerous factual agreements and only a few omissions of specific details, resulting in a low hallucination score."
92,7,0,2,50,983,0.5555555555555556,"The score is 0.56 because the summary introduces effects and outcomes not directly stated in the original text, such as reducing waiting times or ensuring broader participation, and omits specific feedback present in the original. This reduces the summary's accuracy and completeness.",0.0,"The score is 0.00 because all statements in the actual output either align with the context or do not contradict it, and there are no contradictions or unsupported claims, indicating no hallucination."
93,7,1,2,50,822,0.1,"The score is 0.10 because the summary introduces multiple pieces of extra information not present in the original text, such as implying frequency or commonality of issues that were only mentioned as isolated incidents. Additionally, the summary omits specific feedback details that the original text provides, such as suggestions for sharing announcements through multiple channels. This significantly reduces the accuracy and completeness of the summary.",0.0,"The score is 0.00 because all statements in the actual output are factually aligned with the context, and there are no contradictions or unsupported claims."
94,8,0,2,50,748,0.4,"The score is 0.40 because, while the summary does not introduce contradictions or extra information, it omits several key details present in the original text, such as specific feedback about the need for more masks, the long registration queue, and the busyness of volunteers, which limits its completeness and usefulness.",0.0,"The score is 0.00 because all factual alignments show that the actual output either agrees with or does not contradict the context, and there are no contradictions, indicating no hallucinations."
95,8,1,2,50,939,0.8,"The score is 0.80 because the summary omits the detail that feedback suggests sharing announcements through multiple channels could help more people receive information. Otherwise, the summary aligns well with the original text.",0.0,"The score is 0.00 because all statements in the actual output are factually aligned with the context, and there are no contradictions, indicating no hallucination."
96,9,0,2,50,789,0.4,"The score is 0.40 because the summary omits several key details present in the original text, such as feedback about reminders before activities, the need for more masks, and volunteers being too busy for questions. This reduces the summary's completeness and usefulness.",0.4,"The score is 0.40 because while the actual output aligns with most factual details from the context, it omits several key points such as hygiene improvements, equitable support distribution, and specific eligibility requirements, indicating moderate hallucination due to these missing or unaddressed facts."
97,9,1,2,50,682,0.2,"The score is 0.20 because, while there are no contradictions or extra information, the summary omits several key details present in the original text, such as specific feedback about reminders, mask distribution, queue length, and communication channels. This significantly reduces the summary's completeness and usefulness.",0.0,"The score is 0.00 because all statements in the actual output are fully supported by the context with no contradictions or unsupported claims, indicating no hallucination."
98,10,0,2,50,686,0.4,"The score is 0.40 because the summary omits several key details present in the original text, such as feedback about reminders before activities, the long queue at registration, and the busyness of volunteers, which limits the summary's completeness and usefulness.",0.4,"The score is 0.40 because while the actual output aligns with many key points from the context, there are several specific concerns and suggestions from the context that it does not address, indicating some omissions but no major fabrications."
99,10,1,2,50,930,0.4,"The score is 0.40 because the summary omits several specific feedback points present in the original text, such as the need for more masks, long registration queues, and suggestions for improving information dissemination. Additionally, the summary introduces the idea that hygiene supplies are insufficient, which is not explicitly stated in the original text. These issues significantly reduce the summary's accuracy and completeness.",0.34,"The score is 0.34 because while the actual output aligns with many factual details from the context, it omits several specific concerns and suggestions present in the context, resulting in some factual gaps but no major fabrications."
100,11,0,2,50,727,0.2,"The score is 0.20 because the summary introduces extra information about organizing separate times for neighborhoods, which is not in the original text, and omits several key details such as feedback about reminders, mask availability, long registration queues, and volunteer busyness, all of which the original text addresses.",0.4,"The score is 0.40 because while the actual output aligns with many contextual facts and recommendations, it omits several key issues and requirements present in the context, such as eligibility criteria, logistical challenges, and specific limitations, leading to partial factual coverage but not significant hallucination."
101,11,1,2,50,717,0.2,"The score is 0.20 because the summary introduces unsupported claims about frequent difficulties and prioritization, and omits several specific feedback points present in the original text, such as suggestions for reminders, mask distribution, queue length, and communication improvements.",0.0,"The score is 0.00 because all statements in the actual output are factually aligned with the context, and there are no contradictions or unsupported claims."
102,12,0,2,50,832,0.4,"The score is 0.40 because the summary contains contradictions by combining separate points from the original text, adds extra information about activity locations not present in the original, and omits several specific feedback details that the original text addresses.",0.0,"The score is 0.00 because there are no contradictions and all factual alignments indicate that the actual output is fully supported by the context, with no evidence of hallucination."
103,12,1,2,50,595,0.0,"The score is 0.00 because the summary fails to include any of the key feedback points present in the original text, such as suggestions for reminders, mask distribution, queue length, communication channels, and volunteer availability. As a result, the summary does not reflect the content or answerable questions from the original text.",0.0,"The score is 0.00 because all statements in the actual output are fully supported by the context, with numerous factual alignments and no contradictions, indicating no hallucination."
104,13,0,2,50,584,0.4,"The score is 0.40 because the summary omits several key details present in the original text, such as feedback about reminders before activities, long queues at registration, and volunteers being too busy to answer questions. This reduces the summary's completeness and usefulness.",0.0,"The score is 0.00 because there are no contradictions and all factual alignments indicate that the actual output is consistent with the provided contexts, with no evidence of hallucination."
105,13,1,2,50,725,0.4,"The score is 0.40 because, while the summary does not introduce contradictions or extra information, it omits several key details present in the original text, such as feedback about reminders before activities, the need for more masks, and the suggestion to use multiple channels for announcements. This limits the summary's completeness and accuracy.",0.0,"The score is 0.00 because all factual statements in the actual output are fully aligned with the provided context, and there are no contradictions or unsupported claims."
106,14,0,2,50,914,0.5,"The score is 0.50 because the summary introduces a requirement for official documents that is not present in the original text, and it omits feedback about mask distribution and communication channels that the original text covers.",0.46,"The score is 0.46 because while the actual output aligns with many factual details from the context, there are several omissions where it fails to address specific claims or perceptions present in the context, leading to partial but not complete factual alignment."
107,14,1,2,50,943,0.0,"The score is 0.00 because the summary introduces several unsupported generalizations about frequency and scale (e.g., 'frequently reported,' 'many people,' 'common,' 'recurring issue') that contradict the original text, which only provides specific instances without indicating prevalence. Additionally, the summary omits several details present in the original text, such as suggestions for reminders, mask distribution, and communication channels, leading to a significant loss of information.",0.26,"The score is 0.26 because while the actual output aligns with most factual details in the context, there are several omissions where specific concerns and requirements mentioned in the context are not addressed, leading to some minor hallucinations."
108,15,0,2,50,884,0.7142857142857143,"The score is 0.71 because the summary introduces extra information not present in the original text, such as eligibility criteria based on knowing someone at the health center or being registered during the first visit, and explicitly attributing crowding and delays to the long queue. However, there are no direct contradictions, so the summary is still fairly accurate but not perfect.",0.3,"The score is 0.30 because while the actual output aligns with most factual details in the context, there are some omissions where relevant context points are not addressed, but there are no clear instances of fabricated or unsupported information."
109,15,1,2,50,822,0.5,"The score is 0.50 because the summary introduces a contradiction by claiming that only certain groups or those with connections are eligible for assistance, which is not supported by the original text. Additionally, the summary omits feedback present in the original text about the value of reminders and sharing announcements through multiple channels.",0.0,"The score is 0.00 because all statements in the actual output are factually aligned with the context, with no contradictions or unsupported claims, indicating no hallucination."
110,16,0,2,50,820,0.5714285714285714,"The score is 0.57 because the summary introduces several suggestions and solutions that are not explicitly stated in the original text, such as increasing geographic spread and multi-channel communication, and omits specific feedback present in the original, like the desire for reminders and comments about busy volunteers. This reduces the summary's fidelity to the source.",0.0,"The score is 0.00 because all statements in the actual output are factually aligned with the context, and there are no contradictions or unsupported claims."
111,16,1,2,50,856,0.6666666666666666,"The score is 0.67 because the summary introduces unsupported claims about a lack of regular updates, widespread difficulties accessing sessions, and insufficient supplies, which are not directly stated in the original text. Additionally, the summary omits specific feedback about the need for more masks, reducing its accuracy. However, some relevant points are retained, justifying a moderate score.",0.0,"The score is 0.00 because all statements in the actual output are fully supported by the context, with no contradictions or unsupported claims."
112,17,0,2,50,940,0.6,"The score is 0.60 because, while the summary does not introduce contradictions or extra information, it omits important details present in the original text, such as feedback about reminders before activities and the busyness of volunteers, which reduces its completeness.",0.0,"The score is 0.00 because there are no contradictions between the actual output and the context, and all referenced details are either aligned or not addressed, indicating no hallucinated information."
113,17,1,2,50,885,0.6,"The score is 0.60 because while the summary does not introduce contradictions or extra information, it omits key feedback present in the original text, such as suggestions for sharing announcements through multiple channels and observations about volunteers being very busy, which limits the summary's completeness.",0.0,"The score is 0.00 because all statements in the actual output are factually aligned with the context and there are no contradictions, indicating no hallucination."
114,18,0,2,50,810,0.5,"The score is 0.50 because the summary incorrectly combines separate eligibility criteria into a single statement, which contradicts the original text. Additionally, the summary omits feedback details present in the original text, such as requests for reminders before activities and for more masks to help with prevention.",0.22,"The score is 0.22 because the actual output closely aligns with the majority of contextual facts, with only a few omissions where specific details from the context were not mentioned, resulting in minor factual gaps but no major hallucinations."
115,18,1,2,50,734,0.25,"The score is 0.25 because the summary omits several key details present in the original text, such as feedback about reminders before activities, the need for more masks to help families follow prevention measures, and the suggestion to share announcements through multiple channels. These omissions significantly reduce the summary's completeness and usefulness.",0.0,"The score is 0.00 because all statements in the actual output are factually aligned with the context, with no contradictions or unsupported claims present."
116,19,0,2,50,827,0.25,"The score is 0.25 because the summary introduces several pieces of extra information and combines suggestions in ways not present in the original text, which reduces accuracy. Additionally, the summary omits specific feedback and details that the original text provides, making it less comprehensive and reliable.",0.0,"The score is 0.00 because all factual alignments show the actual output consistently matches the context with no contradictions or unsupported claims, indicating no hallucination."
117,19,1,2,50,730,0.75,"The score is 0.75 because the summary introduces extra information about busy volunteers and late announcements that is not present in the original text, and it omits the detail that feedback suggested reminders before activities would be appreciated. Otherwise, the summary aligns well with the original content.",0.0,"The score is 0.00 because all statements in the actual output are fully aligned with the context, with no contradictions or unsupported claims, indicating no hallucination."
118,20,0,2,50,1159,0.4444444444444444,"The score is 0.44 because the summary introduces several claims and combinations of suggestions not explicitly stated in the original text, adds extra details (such as 'activity schedules'), and omits specific feedback (like volunteers being too busy for questions), reducing its accuracy and completeness.",0.32,"The score is 0.32 because the actual output is mostly aligned with the context, accurately reflecting key facts and recommendations, but it omits several specific details present in the context, leading to minor factual gaps rather than major hallucinations."
119,20,1,2,50,687,0.3333333333333333,"The score is 0.33 because the summary repeatedly overstates the frequency and scale of issues reported in the original text, such as long queues, unclear information, crowding, and unequal distribution, making the summary less accurate. Additionally, the summary omits some specific feedback present in the original text, reducing its completeness.",0.0,"The score is 0.00 because all factual statements in the actual output are fully aligned with the context and there are no contradictions, indicating no hallucinations."
120,1,0,5,50,757,0.8,"The score is 0.80 because the summary omits the detail that feedback suggests reminders before activities would be appreciated, which reduces its completeness. Otherwise, the summary aligns well with the original text.",0.0,"The score is 0.00 because all statements in the actual output are factually aligned with the context and there are no contradictions, indicating no hallucinations."
121,1,1,5,50,1099,0.4,"The score is 0.40 because the summary introduces extra information not present in the original text, such as prioritization based on proximity to main roads and specifying accessibility needs for appointments. Additionally, the summary omits several details that the original text covers, including feedback about reminders, the need for more masks, and volunteers being too busy for questions. These omissions and additions significantly reduce the summary's accuracy and completeness.",0.04,"The score is 0.04 because the actual output is highly aligned with the context, with only minor omissions (not mentioning posters and testing locations) and no significant hallucations or contradictions."
122,2,0,5,50,1299,0.75,"The score is 0.75 because the summary omits the detail that there is feedback indicating more masks would help families follow prevention measures, which reduces its completeness. Otherwise, the summary aligns well with the original text.",0.0,"The score is 0.00 because all statements in the actual output are factually aligned with the context, with no contradictions or unsupported claims present."
123,2,1,5,50,917,0.5,"The score is 0.50 because the summary includes extra information about accessibility issues that is not supported by the original text, and it omits specific feedback present in the original, such as the desire for reminders before activities and the need for more masks. This reduces the summary's accuracy and completeness.",0.0,"The score is 0.00 because all statements in the actual output are factually aligned with the context and there are no contradictions, indicating no hallucination."
124,3,0,5,50,755,0.6,"The score is 0.60 because, while the summary does not introduce contradictions or extra information, it omits key feedback present in the original text, such as the desire for reminders before activities and the suggestion to share announcements through multiple channels. This limits the summary's completeness and accuracy.",0.0,"The score is 0.00 because all factual alignments show the actual output is fully consistent with the provided contexts, and there are no contradictions, indicating no hallucination."
125,3,1,5,50,694,0.2,"The score is 0.20 because the summary omits several key details present in the original text, such as feedback about reminders before activities, long registration queues, suggestions for sharing announcements through multiple channels, and observations about busy volunteers. This significantly reduces the summary's completeness and usefulness.",0.0,"The score is 0.00 because all statements in the actual output are fully supported by the context, with numerous factual alignments and no contradictions, indicating no hallucination."
126,4,0,5,50,939,0.4,"The score is 0.40 because the summary contradicts the original text by overstating the effectiveness of communication efforts, and it omits important feedback present in the original text regarding reminders, mask distribution, and volunteer availability.",0.14,"The score is 0.14 because the actual output closely aligns with most factual details in the context, with only a few omissions where it fails to address or clarify specific claims and perceptions, resulting in a low but nonzero hallucination score."
127,4,1,5,50,779,0.4,"The score is 0.40 because the summary omits several key details present in the original text, such as feedback about reminders before activities, the need for more masks to help families follow prevention measures, and the suggestion to share announcements through multiple channels. These omissions reduce the summary's completeness and usefulness.",0.0,"The score is 0.00 because all statements in the actual output are factually aligned with the context, and there are no contradictions or unsupported claims."
128,5,0,5,50,1088,0.16666666666666666,"The score is 0.17 because the summary introduces substantial extra information not present in the original text, such as feedback from multiple regions, specific suggestions for improving communication, and details about community concerns and proposed solutions. Additionally, the summary omits answers to questions that the original text addresses, such as requests for reminders, more masks, and observations about volunteers being too busy. These issues significantly reduce the summary's fidelity to the original content.",0.0,"The score is 0.00 because all statements in the actual output are factually aligned with the context, with no contradictions or unsupported claims present."
129,5,1,5,50,781,0.4,"The score is 0.40 because the summary introduces extra information not supported by the original text and omits several specific feedback points that the original text addresses, such as suggestions for reminders, mask distribution, and communication channels. This results in a summary that is incomplete and partially inaccurate.",0.0,"The score is 0.00 because all statements in the actual output are fully aligned with the context, with no contradictions or unsupported claims, indicating no hallucination."
130,6,0,5,50,680,0.6,"The score is 0.60 because, while the summary does not introduce contradictions or extra information, it omits important details present in the original text, such as feedback about the need for more masks and the busyness of volunteers, which limits its completeness.",0.28,"The score is 0.28 because the actual output aligns with most factual details from the context, but it omits several specific concerns and suggestions, leading to minor hallucinations due to incomplete coverage."
131,6,1,5,50,643,0.2,"The score is 0.20 because the summary omits several key details present in the original text, such as specific feedback about mask distribution, queue length, communication channels, and volunteer availability. This significantly reduces the summary's completeness and usefulness.",0.0,"The score is 0.00 because all statements in the actual output are factually aligned with the context and there are no contradictions, indicating no hallucination."
132,7,0,5,50,616,0.2,"The score is 0.20 because the summary contains several contradictions, such as stating requirements as facts when the original text only mentions beliefs, and it asserts outcomes that are only suggested in the original. Additionally, the summary introduces extra information not present in the original text and omits specific feedback and details that the original provides, resulting in a low-quality summarization.",0.0,"The score is 0.00 because all factual alignments show the actual output is consistent with the context, and there are no contradictions or unsupported statements."
133,7,1,5,50,828,0.5,"The score is 0.50 because while the summary does not introduce contradictions or extra information, it omits key details present in the original text, such as feedback about the need for more masks and the suggestion to share announcements through multiple channels. This limits the summary's completeness and accuracy.",0.0,"The score is 0.00 because all statements in the actual output are fully aligned with the context, with no contradictions or unsupported claims present."
134,8,0,5,50,1041,0.6,"The score is 0.60 because while the summary does not introduce contradictions or extra information, it omits important details present in the original text, such as feedback about the need for more masks and the busyness of volunteers, which limits its completeness.",0.38,"The score is 0.38 because while the actual output aligns with most factual details from the context, it omits several key points such as the need for hygiene supplies, specific eligibility requirements, and issues with information delivery, resulting in partial coverage and some factual gaps."
135,8,1,5,50,870,0.8,"The score is 0.80 because the summary is accurate and concise, with no contradictions or extraneous information, but it omits the detail about feedback suggesting that sharing announcements through multiple channels could help more people receive information.",0.0,"The score is 0.00 because all statements in the actual output are factually aligned with the context, and there are no contradictions or unsupported claims."
136,9,0,5,50,743,0.6,"The score is 0.60 because the summary introduces extra information not present in the original text, such as claims about ensuring timely information and references to disability-related support and district authority approval. Additionally, the summary omits details that the original text can answer, like feedback about long queues and busy volunteers. However, there are no direct contradictions, which helps maintain some accuracy.",0.2,"The score is 0.20 because the actual output aligns with most factual details in the context, addressing key issues and providing relevant suggestions, but it omits some specific concerns and does not address all contradictions, resulting in a small degree of hallucination."
137,9,1,5,50,1065,0.6,"The score is 0.60 because the summary introduces a contradiction by attributing the suggestion for separate times specifically to improving specialized support for people with disabilities, which was not stated in the original text. Additionally, the summary omits some feedback present in the original text, such as the desire for reminders before activities and the suggestion to use multiple channels for announcements.",0.0,"The score is 0.00 because all statements in the actual output are fully aligned with the context, with no contradictions or unsupported claims present."
138,10,0,5,50,1223,0.8,"The score is 0.80 because the summary omits the detail about feedback indicating that more masks would help families follow prevention measures, which is present in the original text. Otherwise, the summary aligns well with the original content.",0.24,"The score is 0.24 because while the actual output aligns with most factual details in the context, there are several omissions where it fails to mention specific issues and requests present in the context, indicating minor but notable gaps rather than fabricated information."
139,10,1,5,50,911,1.0,The score is 1.00 because the summary accurately reflects the original text without introducing contradictions or extra information. Excellent summarization quality.,0.0,"The score is 0.00 because all statements in the actual output are factually aligned with the context and there are no contradictions, indicating no hallucinations."
140,11,0,5,50,961,0.42857142857142855,"The score is 0.43 because the summary contains a key contradiction by presenting a rumor as fact, adds causal links and details not present in the original text, and omits specific feedback that the original text provides. These issues significantly reduce the summary's accuracy and completeness.",0.5,"The score is 0.50 because while the actual output aligns with many key factual details from the context, there are also numerous omissions where important context points are not addressed, leading to partial coverage but no clear evidence of fabricated or hallucinated information."
141,11,1,5,50,1020,0.8,"The score is 0.80 because the summary omits the detail about feedback indicating that more masks would help families follow prevention measures, which is present in the original text. Otherwise, the summary aligns well with the original content.",0.02,"The score is 0.02 because the actual output closely aligns with nearly all factual details from the context, with only one minor omission regarding the suggestion for more volunteers to reduce waiting times."
142,12,0,5,50,1253,0.6,"The score is 0.60 because the summary overstates the effectiveness of communication methods, claiming they ensure all households are reached, which contradicts the original text's more cautious language. Additionally, the summary omits specific feedback about reminders and registration queues that the original text provides, reducing its completeness.",0.0,"The score is 0.00 because all statements in the actual output are factually aligned with the context, and there are no contradictions or unsupported claims."
143,12,1,5,50,671,0.4,"The score is 0.40 because the summary omits several key details present in the original text, such as feedback about reminders before activities, the suggestion to share announcements through multiple channels, and observations about volunteers being busy. This limits the summary's completeness and usefulness.",0.0,"The score is 0.00 because all statements in the actual output are fully aligned with the context, with no contradictions or unsupported claims, indicating no hallucination."
144,13,0,5,50,923,0.25,"The score is 0.25 because the summary presents suggestions and feedback from the original text as confirmed facts, adding extra information and overstating the effectiveness of proposed actions. Additionally, the summary omits specific feedback details present in the original text, such as requests for reminders, more masks, and multi-channel announcements.",0.3,"The score is 0.30 because while the actual output aligns with most factual details from the context, there are several omissions where it fails to address specific claims or issues (e.g., physical accessibility, perceptions of unequal distribution, and timing of activities), resulting in some contradictions but no major fabrications."
145,13,1,5,50,834,0.5,"The score is 0.50 because the summary omits key feedback details present in the original text, such as the desire for reminders before activities and the suggestion that more masks would help families follow prevention measures. This reduces the summary's completeness and accuracy.",0.1,"The score is 0.10 because the actual output closely aligns with the majority of factual details in the context, with only minor omissions regarding specific suggestions (e.g., physical accessibility, clear signs, and directions), indicating a low level of hallucination."
146,14,0,5,50,1117,0.2,"The score is 0.20 because the summary omits several key details present in the original text, such as feedback about reminders before activities, the need for more masks, long registration queues, and volunteers being too busy for questions. This significantly reduces the summary's completeness and usefulness.",0.0,"The score is 0.00 because all statements in the actual output are factually aligned with the context, and there are no contradictions or unsupported claims."
147,14,1,5,50,702,0.4,"The score is 0.40 because, while the summary does not introduce contradictions or extra information, it omits several key details present in the original text, such as specific feedback about reminders, mask distribution, and communication channels. This limits the summary's completeness and usefulness.",0.0,"The score is 0.00 because all statements in the actual output are factually aligned with the context, and there are no contradictions, indicating no hallucination."
148,15,0,5,50,1107,0.6,"The score is 0.60 because the summary incorrectly presents a rumor as a fact, which contradicts the original text, and omits some feedback details that the original text provides. However, there is no extra information added, so the summary partially reflects the source but with notable issues.",0.14,"The score is 0.14 because the actual output aligns with nearly all factual details from the context, with only minor omissions and no significant contradictions or fabricated information."
149,15,1,5,50,729,0.4,"The score is 0.40 because the summary introduces a contradiction by stating unequal distribution of support as a reported fact, which is not supported by the original text. Additionally, the summary omits several specific pieces of feedback present in the original text, such as suggestions for reminders before activities, requests for more masks, and recommendations to use multiple channels for announcements. These omissions and the contradiction significantly reduce the summary's accuracy and completeness.",0.0,"The score is 0.00 because all statements in the actual output are fully aligned with the context, with no contradictions or unsupported claims, indicating no hallucination."
150,16,0,5,50,1082,0.5,"The score is 0.50 because the summary omits key feedback present in the original text, such as the desire for reminders before activities and the observation that volunteers were very busy, making it hard to ask questions. This reduces the summary's completeness and usefulness.",0.3,"The score is 0.30 because while the actual output aligns with most factual details in the context, there are several omissions where it fails to address specific limitations, perceptions, or logistical issues mentioned in the context. These omissions indicate minor hallucinations due to incomplete coverage, resulting in a moderate hallucination score."
151,16,1,5,50,862,0.75,"The score is 0.75 because the summary omits some details present in the original text, such as feedback about the appreciation of reminders before activities. However, there are no contradictions or extraneous information, indicating a generally accurate but somewhat incomplete summary.",0.0,"The score is 0.00 because all statements in the actual output are factually aligned with the context, and there are no contradictions or unsupported claims."
152,17,0,5,50,904,0.5,"The score is 0.50 because the summary introduces extra information not present in the original text, such as guaranteeing equal access and difficulties caused by building steps, and omits answers to questions about feedback on mask distribution and volunteer availability. However, there are no direct contradictions, indicating partial alignment.",0.26,"The score is 0.26 because the actual output aligns with most factual details from the context, but it omits or fails to address several specific concerns and claims present in the context, leading to some minor hallucinations or gaps."
153,17,1,5,50,1110,0.9090909090909091,"The score is 0.91 because the summary closely matches the original text, with only minor extra information added that is not explicitly stated in the original. Overall, the summary is highly accurate and faithful to the source.",0.12,"The score is 0.12 because the actual output mostly aligns with the context, with only a few minor omissions or contradictions regarding specific eligibility criteria and selective assistance, indicating low but not zero hallucination."
154,18,0,5,50,1397,0.4,"The score is 0.40 because, while the summary does not introduce contradictions or extra information, it omits several key details present in the original text, such as feedback about reminders before activities, the need for more masks, and observations about volunteer availability. These omissions significantly reduce the summary's completeness and usefulness.",0.14,"The score is 0.14 because the actual output aligns with the vast majority of contextual facts, with only a few minor omissions (e.g., vaccination schedules, mask and hygiene supply distribution, poster visibility/readability, and testing availability). There are no fabricated or contradictory statements, so hallucination is low."
155,18,1,5,50,1224,0.38461538461538464,"The score is 0.38 because the summary contains several exaggerations and misrepresentations of the original text, such as overstating the prevalence of certain issues and combining or misattributing feedback across locations. It also introduces extra information not present in the original, and omits specific feedback that the original text addresses, resulting in a summary that is only partially accurate and misses important nuances.",0.0,"The score is 0.00 because all statements in the actual output align with the context and there are no contradictions, indicating no hallucinations."
156,19,0,5,50,887,0.4,"The score is 0.40 because the summary introduces a guarantee about communication effectiveness not supported by the original text, adds details about distancing difficulties not mentioned, and omits several specific feedback points present in the original text. These issues significantly reduce the summary's accuracy and completeness.",0.0,"The score is 0.00 because all statements in the actual output are fully aligned with the context, with no contradictions or unsupported claims, indicating no hallucination."
157,19,1,5,50,813,0.8,"The score is 0.80 because the summary includes extra information about eligibility requirements not present in the original text and omits the detail that feedback suggested sharing announcements through multiple channels could help more people. However, there are no direct contradictions, indicating the summary is generally accurate but misses some specifics.",0.0,"The score is 0.00 because all factual alignments show that the actual output is fully supported by the context, with no contradictions or unsupported claims present."
158,20,0,5,50,1499,0.6,"The score is 0.60 because the summary omits important details present in the original text, such as feedback about the need for more masks and the volunteers' busyness, which limits the summary's completeness and usefulness.",0.0,The score is 0.00 because there are no contradictions and all factual alignments show the actual output is fully consistent with the provided contexts.
159,20,1,5,50,564,0.2,"The score is 0.20 because the summary omits several key details present in the original text, such as specific feedback about reminders, mask distribution, communication channels, and volunteer availability. This significantly reduces the summary's completeness and usefulness.",0.0,"The score is 0.00 because there are numerous factual alignments and no contradictions between the actual output and the contexts, indicating the output is fully grounded in the provided evidence."
160,1,0,10,50,859,0.6,"The score is 0.60 because the summary introduces extra information about accessibility that is not supported by the original text, and it omits details about feedback on reminders and volunteer availability, reducing its completeness and accuracy.",0.0,"The score is 0.00 because all factual alignments show the actual output is fully consistent with the context, and there are no contradictions or unsupported claims."
161,1,1,10,50,1126,0.4,"The score is 0.40 because the summary introduces unsupported claims about official documents and geographic eligibility, while omitting several specific feedback points present in the original text, such as suggestions for reminders, mask distribution, and communication channels. These issues significantly reduce the summary's accuracy and completeness.",0.0,"The score is 0.00 because all factual statements in the actual output are fully aligned with the context, and there are no contradictions or unsupported claims."
162,2,0,10,50,813,0.2,"The score is 0.20 because the summary introduces extra references (CMR_20220111_628, CMR_20220111_600, CMR_20220111_638) not found in the original text, and omits several key points that the original text addresses, such as feedback about reminders, mask availability, long queues, and volunteer busyness. This results in a summary that is incomplete and includes unsupported information.",0.38,"The score is 0.38 because the actual output mostly aligns with the context, as shown by numerous factual alignments, but there are several omissions where key context points are not addressed, leading to a moderate hallucination score."
163,2,1,10,50,878,0.6,"The score is 0.60 because the summary introduces contradictions by overstating the frequency of supply shortages and generalizing access difficulties, which are not supported by the original text. Additionally, the summary omits specific feedback about reminders and the usefulness of more masks, reducing its accuracy and completeness.",0.0,"The score is 0.00 because all statements in the actual output are factually aligned with the provided contexts, and there are no contradictions or unsupported claims."
164,3,0,10,50,1056,0.2,"The score is 0.20 because the summary introduces several pieces of extra information and generalizations not present in the original text, such as claiming universal improvements in communication, access, and trust, which the original text does not explicitly state. Additionally, the summary omits specific feedback details that the original text provides, such as requests for reminders, masks, and comments on long queues and busy volunteers. These issues significantly reduce the accuracy and completeness of the summary.",0.18,"The score is 0.18 because the actual output aligns with the majority of factual details in the context, with only a few omissions or contradictions regarding specific eligibility criteria, documentation requirements, and certain recommendations. Most information is accurate and grounded in the provided context, resulting in a low hallucination score."
165,3,1,10,50,831,0.5,"The score is 0.50 because the summary omits key feedback present in the original text, such as the desire for reminders before activities and the suggestion to share announcements through multiple channels. This reduces the summary's completeness and usefulness.",0.0,"The score is 0.00 because all statements in the actual output are fully supported by the context, with numerous factual alignments and no contradictions, indicating no hallucination."
166,4,0,10,50,1202,0.2,"The score is 0.20 because the summary introduces several recommendations and details not explicitly stated in the original text, and omits specific feedback and suggestions present in the original, such as the desire for reminders, more masks, and feedback on volunteer availability and communication channels. This results in a summary that is less faithful and less comprehensive compared to the original text.",0.08,"The score is 0.08 because the actual output is highly aligned with the context, with only minor omissions (e.g., not mentioning masks, handwashing stations, or that only households with children receive hygiene kits), and no evidence of fabricated or contradictory information."
167,4,1,10,50,832,0.8,"The score is 0.80 because the summary omits some details present in the original text, such as feedback about sharing announcements through multiple channels, which affects its completeness. However, there are no contradictions or extra information, indicating the summary is generally accurate and focused.",0.02,"The score is 0.02 because the actual output is almost fully aligned with the context, with only one minor omission regarding eligibility for hygiene kits, indicating very low hallucination."
168,5,0,10,50,899,0.6,"The score is 0.60 because while the summary does not introduce contradictions or extra information, it omits key details present in the original text, such as specific feedback about the need for more masks and the volunteers' busyness, which limits the summary's completeness.",0.28,"The score is 0.28 because while the actual output aligns with most contextual facts, there are several omissions where it fails to mention specific eligibility criteria, supply suggestions, and distribution issues explicitly stated in the context, indicating some factual gaps but no major fabrications."
169,5,1,10,50,1228,0.8,"The score is 0.80 because the summary omits the detail about feedback indicating that more masks would help families follow prevention measures, which is present in the original text. Otherwise, the summary aligns well with the original content.",0.0,"The score is 0.00 because all factual statements in the actual output align with the context and there are no contradictions, indicating no hallucinated information."
170,6,0,10,50,1176,0.6,"The score is 0.60 because the summary incorrectly combines separate suggestions and feedback from the original text as 'key eligibility steps,' which misrepresents the original content. Additionally, the summary omits some feedback present in the original text, such as the need for more masks and the busyness of volunteers, reducing its completeness and accuracy.",0.0,"The score is 0.00 because there are numerous factual alignments and no contradictions between the actual output and the context, indicating no hallucinations."
171,6,1,10,50,1332,0.2,"The score is 0.20 because the summary introduces several contradictions, such as misrepresenting the requirements for disability-related support and the purpose of organizing separate times for neighborhoods. It also omits key feedback present in the original text, such as requests for reminders, more masks, and suggestions for improving information dissemination, resulting in a poor reflection of the original content.",0.0,"The score is 0.00 because there are numerous factual alignments and no contradictions between the actual output and the context, indicating that the output is fully grounded in the provided information with no hallucinations."
172,7,0,10,50,882,0.6,"The score is 0.60 because, while the summary does not introduce contradictions or extra information, it omits key details present in the original text, such as specific feedback about the need for more masks and the volunteers' busyness, which limits its completeness.",0.28,"The score is 0.28 because the actual output closely aligns with most factual details in the context, with only minor omissions and no evidence of fabricated or contradicted information."
173,7,1,10,50,1064,0.2,"The score is 0.20 because the summary introduces several generalizations and claims of frequency not supported by the original text, and omits specific feedback and suggestions present in the original. This results in significant loss of detail and accuracy, justifying the low score.",0.0,"The score is 0.00 because all statements in the actual output align with the context and there are no contradictions, indicating no hallucinated information."
174,8,0,10,50,1046,0.6666666666666666,"The score is 0.67 because the summary adds extra information about accessibility that was not in the original text and omits details about volunteer feedback, reducing its completeness and accuracy.",0.28,"The score is 0.28 because the actual output aligns with most factual details from the context, but it omits several specific points (e.g., vaccination schedules, poster visibility, outreach visits, perceptions of selective assistance), resulting in minor factual gaps rather than outright hallucinations."
175,8,1,10,50,906,0.6666666666666666,"The score is 0.67 because, while the summary accurately reflects the original text without introducing contradictions or extra information, it omits some details such as feedback about sharing announcements through multiple channels, which the original text addresses.",0.0,"The score is 0.00 because all statements in the actual output align with the context and there are no contradictions, indicating no hallucinated information."
176,9,0,10,50,870,0.2,"The score is 0.20 because the summary omits several key details present in the original text, such as feedback about reminders before activities, the need for more masks, long registration queues, and volunteers being too busy for questions. This significantly reduces the summary's completeness and usefulness.",0.0,"The score is 0.00 because there are no contradictions and all factual alignments indicate that the actual output either matches or does not contradict the context, demonstrating no hallucination."
177,9,1,10,50,1093,0.4,"The score is 0.40 because the summary introduces extra information not present in the original text and omits several specific feedback points that the original text addresses, such as requests for reminders, more masks, and comments on volunteer availability. This reduces the summary's accuracy and completeness.",0.0,"The score is 0.00 because all statements in the actual output are fully aligned with the provided contexts, with no contradictions or unsupported claims, indicating no hallucination."
178,10,0,10,50,981,0.6,"The score is 0.60 because, while the summary does not introduce contradictions or extra information, it omits key details present in the original text, such as feedback about the need for more masks and the busyness of volunteers, which limits its completeness.",0.22,"The score is 0.22 because the actual output closely aligns with most factual details from the context, with only minor omissions and no significant contradictions or fabrications."
179,10,1,10,50,859,0.4,"The score is 0.40 because the summary omits several key details present in the original text, such as feedback about the need for more masks, the suggestion to use multiple channels for announcements, and observations about volunteers being busy. This reduces the summary's completeness and usefulness.",0.0,"The score is 0.00 because there are numerous factual alignments and no contradictions between the actual output and the context, indicating that the output is fully supported by the provided information with no hallucinations."
180,11,0,10,50,1006,0.5,"The score is 0.50 because the summary introduces extra information about the vaccine being offered only to those who know someone at the health center, which is not in the original text. Additionally, the summary omits details present in the original text, such as feedback about reminders before activities and the need for more masks to help families follow prevention measures.",0.48,"The score is 0.48 because while the actual output aligns with many factual details from the context, there are also several omissions where relevant context points are not addressed, leading to a moderate level of incompleteness but no clear fabrications."
181,11,1,10,50,1548,0.75,"The score is 0.75 because the summary introduces extra details not present in the original text, such as recurring issues with accessibility and a general lack of supplies at handwashing stations, and omits specific feedback about reminders before activities. However, there are no direct contradictions, indicating the summary is generally accurate but not fully comprehensive.",0.18,"The score is 0.18 because the actual output aligns with the majority of factual details in the context, with only a few omissions or minor contradictions regarding specific requirements and concerns, indicating low but not zero hallucination."
182,12,0,10,50,723,0.0,"The score is 0.00 because the summary fails to include any of the key feedback points present in the original text, such as suggestions for reminders, mask distribution, queue length, communication channels, and volunteer availability. As a result, the summary does not reflect the content or answerable questions from the original text.",0.34,"The score is 0.34 because while the actual output aligns with most factual details in the context, there are several omissions where it fails to mention or address specific issues and suggestions present in the context, leading to partial but not full factual alignment."
183,12,1,10,50,942,0.4,"The score is 0.40 because, while the summary does not introduce contradictions or extra information, it omits several key details present in the original text, such as specific feedback about mask distribution, queue length, and suggestions for improving information dissemination. This limits the summary's completeness and usefulness.",0.0,"The score is 0.00 because all statements in the actual output are fully supported by the context, with no contradictions or unsupported claims."
184,13,0,10,50,997,0.5,"The score is 0.50 because the summary omits key feedback details present in the original text, such as the desire for reminders before activities and observations about volunteers being busy, which limits the summary's completeness and usefulness.",0.0,"The score is 0.00 because all statements in the actual output are factually aligned with the context, and there are no contradictions or unsupported claims."
185,13,1,10,50,1071,0.5,"The score is 0.50 because the summary introduces unsupported claims about activities ending early in general and a lack of hygiene supplies, which are not present in the original text. Additionally, the summary omits feedback about reminders and multi-channel announcements, reducing its completeness and accuracy.",0.0,"The score is 0.00 because all statements in the actual output are factually aligned with the context and there are no contradictions, indicating no hallucinations."
186,14,0,10,50,715,0.75,"The score is 0.75 because the summary contradicts the original text by claiming equitable access can be ensured regardless of proximity or registration timing, while the original text reports that proximity and registration timing do affect access. Additionally, the summary omits that feedback indicated more masks would help families follow prevention measures. Otherwise, the summary aligns well with the original text.",0.08,"The score is 0.08 because the actual output aligns with nearly all factual details from the context, with only minor omissions regarding specific eligibility limitations for vaccines and testing, resulting in a low hallucination score."
187,14,1,10,50,928,0.25,"The score is 0.25 because the summary omits several key details present in the original text, such as feedback about reminders before activities, the need for more masks to help families follow prevention measures, and the suggestion to share announcements through multiple channels. These omissions significantly reduce the summary's completeness and usefulness.",0.0,"The score is 0.00 because all statements in the actual output are fully aligned with the context, with no contradictions or unsupported claims present."
188,15,0,10,50,1081,0.4,"The score is 0.40 because the summary introduces contradictions by implying solutions or limitations not present in the original text, and it omits several specific feedback points such as the need for reminders, more masks, and the observation that volunteers were too busy to answer questions. This reduces the summary's accuracy and completeness.",0.32,"The score is 0.32 because the majority of the actual output aligns with the context, accurately reflecting most factual details, but there are several omissions where important issues and perceptions from the context are not mentioned, resulting in some factual gaps but no major fabrications."
189,15,1,10,50,1031,0.0,"The score is 0.00 because the summary introduces extra information not present in the original text and omits key details and feedback that the original text provides, resulting in a summary that does not accurately reflect the original content.",0.0,"The score is 0.00 because there are numerous factual alignments and no contradictions between the actual output and the context, indicating that the output is fully supported by the provided evidence and contains no hallucinations."
190,16,0,10,50,1267,0.25,"The score is 0.25 because the summary introduces extra information by attributing a suggestion to households that the original text does not support, and it omits several key feedback points present in the original text, such as requests for reminders, comments on long queues, and observations about busy volunteers.",0.0,"The score is 0.00 because all statements in the actual output are either factually aligned with the context or do not contradict it, and there are no contradictions or unsupported claims."
191,16,1,10,50,1141,0.75,"The score is 0.75 because the summary omits some details present in the original text, such as feedback about volunteers being very busy and limited opportunities to ask questions. However, there are no contradictions or extra information, indicating the summary is generally accurate but lacks some completeness.",0.0,"The score is 0.00 because all statements in the actual output are fully aligned with the context, with no contradictions or unsupported claims present."
192,17,0,10,50,1513,0.5,"The score is 0.50 because the summary omits important feedback details present in the original text, such as the desire for reminders before activities and observations about volunteers being busy, which limits the summary's completeness and usefulness.",0.28,"The score is 0.28 because the actual output aligns with most factual details in the context, with only a few omissions and no clear hallucinations or fabrications. The output mainly misses some specific concerns but does not introduce unsupported information."
193,17,1,10,50,1190,0.75,"The score is 0.75 because the summary incorrectly claims there was a lack of handwashing stations and hygiene measures, while the original text only suggests that more stations would improve hygiene, not that there was a deficiency. Additionally, the summary omits feedback about sharing announcements through multiple channels, which the original text addresses.",0.0,"The score is 0.00 because all statements in the actual output are factually aligned with the context and there are no contradictions, indicating no hallucination."
194,18,0,10,50,1017,0.2,"The score is 0.20 because the summary omits several key details present in the original text, such as feedback about reminders before activities, the need for more masks, long registration queues, and volunteers being too busy for questions. This significantly reduces the summary's completeness and usefulness.",0.18,"The score is 0.18 because the actual output aligns with most factual details in the context, but misses several specific points such as water supply at handwashing stations, mask provision, poster readability, and testing information, indicating minor omissions but no major hallucinations."
195,18,1,10,50,1096,0.4,"The score is 0.40 because the summary introduces extra information about frequent complaints regarding insufficient volunteers, which is not supported by the original text. Additionally, the summary omits several specific feedback points present in the original, such as requests for reminders before activities, more masks for families, and observations about volunteers being very busy. These omissions and additions reduce the summary's accuracy and completeness.",0.16326530612244897,"The score is 0.16 because the actual output is highly aligned with the context, with only minor omissions or missing details (e.g., not mentioning specific limitations or recommendations) and no major factual contradictions or hallucinations."
196,19,0,10,50,1276,0.5,"The score is 0.50 because the summary omits key feedback present in the original text, such as the desire for reminders before activities and observations about volunteers being busy, which limits the summary's completeness and usefulness.",0.0,"The score is 0.00 because all statements in the actual output are factually aligned with the context, and there are no contradictions or unsupported claims."
197,19,1,10,50,823,0.75,"The score is 0.75 because the summary omits the detail that feedback suggests sharing announcements through multiple channels could help more people receive information, which reduces its completeness.",0.0,"The score is 0.00 because all statements in the actual output are factually aligned with the context, and there are no contradictions or unsupported claims."
198,20,0,10,50,874,0.6,"The score is 0.60 because the summary introduces extra information not present in the original text, such as a direct causal link between the long registration queue and crowding during activities, and an implication about prioritization in disability support. Additionally, the summary omits answers to specific feedback questions that the original text addresses, reducing its completeness and accuracy.",0.28,"The score is 0.28 because the actual output aligns with most factual points from the context and avoids major contradictions, but it omits several specific details and concerns present in the context, leading to minor gaps rather than outright hallucinations."
199,20,1,10,50,842,0.4,"The score is 0.40 because, while the summary does not introduce contradictions or extra information, it omits several key details present in the original text, such as specific feedback about mask distribution, queue length, and suggestions for improving information dissemination. This limits the summary's completeness and usefulness.",0.0,"The score is 0.00 because all statements in the actual output are factually aligned with the context and there are no contradictions, indicating no hallucination."
200,1,0,20,50,1740,0.5,"The score is 0.50 because the summary introduces several pieces of extra information not present in the original text, such as the prioritization and approval process for disability support and the impact of multi-channel announcements on people with disabilities. Additionally, the summary omits details that the original text can answer, like feedback about long queues and busy volunteers. However, there are no direct contradictions, which prevents a lower score.",0.14,"The score is 0.14 because the actual output aligns with most factual details from the context, but omits several key facts such as late distribution start, long waiting times, early meeting finish, crowding, water shortages at handwashing stations, and testing limitations, resulting in minor hallucination."
201,1,1,20,50,1933,0.875,"The score is 0.88 because the summary includes some extra details not present in the original text, such as specifying disability support prioritization and specialized disability support, which slightly reduces its accuracy. However, there are no contradictions, and the summary remains largely faithful to the original content.",0.0,"The score is 0.00 because all statements in the actual output are factually aligned with the context and there are no contradictions, indicating no hallucination."
202,2,0,20,50,1169,0.25,"The score is 0.25 because the summary introduces extra information about disability support that is not present in the original text, and it omits several details that the original text covers, such as specific feedback about mask distribution, queue length, and volunteer availability. This results in a summary that is incomplete and partially inaccurate.",0.0,"The score is 0.00 because all statements in the actual output are factually aligned with the context, with no contradictions or unsupported claims present."
203,2,1,20,50,1361,0.5,"The score is 0.50 because the summary introduces extra information about vaccines and travel requirements that is not present in the original text, and it omits key details such as feedback on communication channels and volunteer availability, reducing its overall accuracy and completeness.",0.0,"The score is 0.00 because all statements in the actual output are factually aligned with the context, with no contradictions or unsupported claims present."
204,3,0,20,50,1638,0.4,"The score is 0.40 because the summary introduces extra information by generalizing an attributed claim, and it omits several specific feedback points present in the original text, such as requests for reminders, more masks, and comments on volunteer availability. This reduces the summary's accuracy and completeness.",0.0,"The score is 0.00 because all statements in the actual output are fully aligned with the context, with no contradictions or unsupported claims."
205,3,1,20,50,1541,0.2,"The score is 0.20 because the summary omits several key points from the original text, such as feedback about reminders before activities, the need for more masks, the benefit of sharing announcements through multiple channels, and observations about volunteers being busy. This significantly reduces the summary's completeness and usefulness.",0.06,"The score is 0.06 because the actual output aligns with nearly all factual details from the context, with only minor omissions regarding reminders, timing, and punctuality, indicating very low hallucination."
206,4,0,20,50,1089,0.4,"The score is 0.40 because the summary introduces a claim about reducing waiting times that is not supported by the original text, and it omits several pieces of feedback present in the original, such as requests for reminders, more masks, and comments on volunteer availability. This reduces the summary's accuracy and completeness.",0.04,"The score is 0.04 because the actual output overwhelmingly aligns with the context, with only minor omissions regarding the reported limitation about vaccine access, resulting in a very low hallucination score."
207,4,1,20,50,1106,0.2,"The score is 0.20 because the summary omits several key details present in the original text, such as specific feedback about reminders, mask distribution, communication channels, and volunteer availability. This significantly reduces the summary's completeness and usefulness.",0.0,"The score is 0.00 because all statements in the actual output are fully aligned with the context, with no contradictions or unsupported information present."
208,5,0,20,50,1367,0.5,"The score is 0.50 because the summary introduces extra recommendations and details not present in the original text, such as prioritizing vulnerable groups and specific issues with information delivery to people with disabilities. Additionally, the summary omits feedback about mask distribution and volunteer availability, which are present in the original text. These issues reduce the summary's accuracy and completeness.",0.0,"The score is 0.00 because all factual alignments show the actual output consistently matches the context, and there are no contradictions, indicating no hallucination."
209,5,1,20,50,1392,0.5,"The score is 0.50 because the summary adds extra details about people with disabilities and their prioritization that are not present in the original text, and omits specific feedback such as the desire for reminders and the observation that volunteers were too busy for questions. This reduces the summary's accuracy and completeness.",0.0,"The score is 0.00 because all statements in the actual output align with the context and there are no contradictions, indicating no hallucinated information."
210,6,0,20,50,1317,0.75,"The score is 0.75 because the summary introduces extra information about perceptions of proximity to main roads influencing access, which is not present in the original text, and omits the detail about feedback regarding busy volunteers and limited time for questions. Otherwise, the summary aligns well with the original content.",0.0,"The score is 0.00 because all statements in the actual output are fully aligned with the context, with no contradictions or unsupported claims present."
211,6,1,20,50,1143,1.0,The score is 1.00 because the summary accurately reflects the original text without introducing contradictions or extra information.,0.0,"The score is 0.00 because all statements in the actual output are factually aligned with the context, with no contradictions or unsupported claims present."
212,7,0,20,50,1400,0.75,"The score is 0.75 because the summary introduces extra information about disability-related support and district authority approval that is not present in the original text, and it omits feedback about volunteers being busy and limited opportunities for questions, which the original text addresses.",0.0,"The score is 0.00 because all statements in the actual output are fully aligned with the context, with no contradictions or unsupported claims present."
213,7,1,20,50,1050,0.75,"The score is 0.75 because the summary includes extra information about disability-related support and district authority approval that is not present in the original text, and it omits the detail about feedback on sharing announcements through multiple channels. Otherwise, the summary aligns well with the original content.",0.0,"The score is 0.00 because there are numerous factual alignments and no contradictions between the actual output and the context, indicating that the output is fully supported by the provided evidence and contains no hallucinations."
214,8,0,20,50,1531,0.6,"The score is 0.60 because the summary includes extra information by overstating the certainty of outcomes and guarantees not present in the original text. Additionally, the summary omits specific feedback details that the original text provides, such as feedback about mask distribution and volunteer availability. Overall, the summary partially captures the main points but lacks accuracy and completeness.",0.4,"The score is 0.40 because while the actual output aligns with many factual details from the context, it omits several key points and specific issues noted in the contradictions list, indicating partial coverage and some missing evidence."
215,8,1,20,50,1472,0.4,"The score is 0.40 because the summary introduces extra information not present in the original text and omits answers to several questions that the original text addresses, such as feedback on reminders, mask distribution, and communication channels. This reduces the summary's completeness and accuracy.",0.28,"The score is 0.28 because the actual output aligns with the majority of factual details in the context, with only a few omissions and no clear fabrications or unsupported claims, resulting in a low hallucination score."
216,9,0,20,50,1406,,ERROR: Evaluation LLM outputted an invalid JSON. Please use a better evaluation model.,0.06,"The score is 0.06 because the actual output overwhelmingly aligns with the context, with only a few minor omissions regarding specific eligibility restrictions and testing limitations, resulting in a low hallucination score."
217,9,1,20,50,1532,0.4,"The score is 0.40 because the summary adds extra information by specifying that requests were made by people with disabilities, which is not stated in the original text. Additionally, the summary omits several details present in the original, such as feedback about reminders, the use of multiple channels for announcements, and observations about volunteers being busy, reducing the summary's completeness and accuracy.",0.0,"The score is 0.00 because all factual alignments indicate that the actual output is fully supported by the context, with no contradictions or unsupported information present."
218,10,0,20,50,1121,0.5,"The score is 0.50 because, while the summary does not introduce contradictions or extra information, it omits key details present in the original text, such as specific feedback about long queues at registration and the busyness of volunteers, reducing its completeness and informativeness.",0.0,"The score is 0.00 because all factual alignments show the actual output is fully supported by the context, with no contradictions or unsupported claims."
219,10,1,20,50,1884,0.5,"The score is 0.50 because the summary introduces extra information not present in the original text, such as attributing a need for follow-up visits or specialized support directly to households with disabled members. Additionally, the summary omits details that the original text covers, like feedback about sharing announcements through multiple channels and volunteers being too busy for questions. These omissions and additions reduce the summary's accuracy and completeness.",0.02,"The score is 0.02 because there is a very high degree of factual alignment between the actual output and the context, with only one minor omission (not mentioning providing chairs), indicating almost no hallucination."
220,11,0,20,50,1426,0.0,"The score is 0.00 because the summary fails to include key feedback points present in the original text, such as suggestions for reminders before activities, requests for more masks, comments on long registration queues, and observations about busy volunteers. This omission means the summary does not capture essential information from the original text.",0.12,"The score is 0.12 because the actual output aligns with most factual details from the context, with only a few minor omissions or contradictions, indicating a low level of hallucination."
221,11,1,20,50,998,0.5,"The score is 0.50 because, while the summary does not introduce contradictions or extra information, it omits key details present in the original text, such as feedback about reminders before activities and the need for more masks to help families follow prevention measures. This limits the summary's completeness and usefulness.",0.0,"The score is 0.00 because all statements in the actual output are fully supported by the context, with numerous factual alignments and no contradictions, indicating no hallucination."
222,12,0,20,50,1762,0.75,"The score is 0.75 because the summary omits that feedback suggested reminders before activities would be appreciated, which is a detail present in the original text. Otherwise, the summary aligns well with the source.",0.1,"The score is 0.10 because the actual output aligns with most factual details in the context, with only a few minor omissions regarding hygiene kits, handwashing stations, and testing eligibility, indicating low hallucination."
223,12,1,20,50,1010,0.75,"The score is 0.75 because the summary omits that there is feedback suggesting that reminders before activities would be appreciated, which is information present in the original text. Otherwise, the summary aligns well with the original content.",0.0,"The score is 0.00 because all factual alignments are supported by the context, there are no contradictions, and no evidence of hallucinated information in the actual output."
224,13,0,20,50,1006,0.75,"The score is 0.75 because the summary incorrectly presents a rumor as a confirmed fact, contradicting the original text. Additionally, the summary omits feedback about the usefulness of more masks, which the original text addresses. Overall, the summary is fairly accurate but has notable issues with factual accuracy and completeness.",0.36,"The score is 0.36 because while the actual output aligns with most factual details from the context, it omits several key restrictions, eligibility criteria, and recommendations present in the context, resulting in partial factual coverage and moderate hallucination."
225,13,1,20,50,1192,0.5,"The score is 0.50 because the summary omits important details present in the original text, such as feedback about the need for more masks and the busyness of volunteers, which limits the summary's completeness and usefulness.",0.0,"The score is 0.00 because all statements in the actual output are fully aligned with the context, with no contradictions or unsupported claims."
226,14,0,20,50,1489,0.3333333333333333,"The score is 0.33 because the summary introduces substantial extra information not present in the original text, such as recommendations and details about signage, communication channels, and activity organization. Additionally, the summary omits answers to some questions that the original text addresses, such as feedback about masks and volunteer availability. These issues significantly reduce the summary's fidelity to the original content.",0.0,"The score is 0.00 because all factual alignments show that the actual output consistently matches the context with no contradictions or unsupported details, indicating no hallucination."
227,14,1,20,50,1279,0.25,"The score is 0.25 because the summary omits several key details present in the original text, such as feedback about the need for more masks, suggestions for sharing announcements through multiple channels, and observations about volunteers being too busy for questions. This significantly reduces the summary's completeness and usefulness.",0.0,"The score is 0.00 because all statements in the actual output are factually aligned with the context, and there are no contradictions or unsupported claims."
228,15,0,20,50,1370,0.5,"The score is 0.50 because the summary introduces extra information by presenting a perception as a fact, which is not supported by the original text. Additionally, the summary omits details about feedback regarding reminders before activities and the busyness of volunteers, which are present in the original text.",0.0,"The score is 0.00 because all factual alignments show the actual output is fully consistent with the context, and there are no contradictions or unsupported statements."
229,15,1,20,50,1280,0.5,"The score is 0.50 because the summary introduces extra information not present in the original text and misrepresents some points, such as complaints about communication channels and requirements for official documents. Additionally, the summary omits feedback about reminders and the value of using multiple channels for announcements, reducing its accuracy and completeness.",0.08,"The score is 0.08 because the actual output closely aligns with the context on most points, with only a few minor omissions of specific details, resulting in a low hallucination score."
230,16,0,20,50,1908,0.6,"The score is 0.60 because while the summary does not introduce contradictions or extra information, it omits key details present in the original text, such as feedback about the need for more masks and the volunteers' busyness, which limits the summary's completeness.",0.04,"The score is 0.04 because the actual output is almost fully aligned with the context, with only two minor omissions regarding eligibility for hygiene kits and vaccines, and no major hallucinations present."
231,16,1,20,50,1420,0.4,"The score is 0.40 because the summary introduces several factual inaccuracies by asserting unequal distribution and specific difficulties for people with disabilities as established facts, whereas the original text presents these as suggestions or opinions from some individuals. Additionally, the summary omits feedback about reminders, mask distribution, and communication channels, which are present in the original text.",0.02,"The score is 0.02 because there is only one minor omission (not mentioning that only households with children will receive hygiene kits), while all other details in the actual output align closely with the context."
232,17,0,20,50,1480,0.3333333333333333,"The score is 0.33 because the summary introduces extra information not present in the original text, such as recommendations about accessibility and disability support, and omits specific feedback about mask distribution and queue length that the original text addresses. This reduces the summary's accuracy and completeness.",0.0,"The score is 0.00 because all statements in the actual output are factually aligned with the context and there are no contradictions, indicating no hallucination."
233,17,1,20,50,1398,0.6666666666666666,"The score is 0.67 because the summary introduces unsupported claims about eligibility and supply limitations, and omits specific feedback about the need for more masks, reducing its accuracy and completeness.",0.0,"The score is 0.00 because all statements in the actual output are fully aligned with the context, with no contradictions or unsupported claims present."
234,18,0,20,50,1432,0.4,"The score is 0.40 because the summary introduces extra information not present in the original text, such as limitations on disability support and specifics about instructions for people with disabilities, while omitting key feedback and suggestions found in the original text. This results in a summary that is only partially accurate and misses important details.",0.0,"The score is 0.00 because all factual alignments show the actual output is fully consistent with the context, and there are no contradictions or unsupported statements."
235,18,1,20,50,1362,0.2,"The score is 0.20 because the summary introduces unsupported concerns about unequal prioritization and specialized support for people with disabilities, which contradicts the original text. It also adds extra information not present in the original, such as claims about people with disabilities noting a lack of accessible services. Additionally, the summary omits several points from the original text, such as feedback on reminders, mask distribution, communication channels, and volunteer availability, further reducing its accuracy.",0.0,"The score is 0.00 because all statements in the actual output are factually aligned with the context, and there are no contradictions or unsupported claims."
236,19,0,20,50,1245,0.75,"The score is 0.75 because the summary introduces extra information about the limitation of disability support that is not directly stated in the original text, and it omits feedback about volunteers being busy and limited time for questions, which the original text addresses. However, there are no direct contradictions, so the summary is still fairly accurate.",0.0,"The score is 0.00 because all factual alignments show the actual output is fully supported by the context, with no contradictions or unsupported claims."
237,19,1,20,50,1343,0.5,"The score is 0.50 because the summary incorrectly attributes requirements for official documents and follow-up visits specifically to households with disabled members and specialized support, which contradicts the original text. Additionally, the summary omits feedback about the usefulness of sharing announcements through multiple channels and the observation that volunteers seemed busy, both of which are present in the original text.",0.0,"The score is 0.00 because all statements in the actual output are factually aligned with the context and there are no contradictions, indicating no hallucination."
238,20,0,20,50,1581,0.4,"The score is 0.40 because the summary omits several key details present in the original text, such as feedback about reminders before activities, the need for more masks, and volunteers being too busy for questions. This reduces the summary's completeness and accuracy.",0.18,"The score is 0.18 because the actual output closely aligns with the context in most areas, with only minor omissions (e.g., not mentioning hygiene kits, mask distribution, or specific eligibility requirements) and no evidence of fabricated or contradictory information, resulting in a low hallucination score."
239,20,1,20,50,1101,1.0,The score is 1.00 because the summary accurately reflects the original text without introducing contradictions or extra information. Excellent summarization quality.,0.0,"The score is 0.00 because all statements in the actual output are fully aligned with the context, with no contradictions or unsupported claims present."
